USE sample_intx;

INSERT INTO Sepomex (d_codigo, c_estado, d_estado, c_mnpio, D_mnpio, id_asenta_cpcons, d_asenta ) VALUES ('08800', '09', 'Ciudad de México','006', 'Iztacalco', '1286', 'Barrio Santiago Sur');

SET IDENTITY_INSERT Log_Type_INTX ON
	INSERT INTO Log_Type_INTX ( Id_Log_Type, Log_Type_name ) values (1, 'Consulta');
	INSERT INTO Log_Type_INTX ( Id_Log_Type, Log_Type_name ) values (2, 'Nuevo Registro');
	INSERT INTO Log_Type_INTX ( Id_Log_Type, Log_Type_name ) values (3, 'Actualización');
	INSERT INTO Log_Type_INTX ( Id_Log_Type, Log_Type_name ) values (4, 'Eliminación');
	INSERT INTO Log_Type_INTX ( Id_Log_Type, Log_Type_name ) values (5, 'Servicio');
	INSERT INTO Log_Type_INTX ( Id_Log_Type, Log_Type_name ) values (6, 'Carga de Archivos');
	INSERT INTO Log_Type_INTX ( Id_Log_Type, Log_Type_name ) values (7, 'Sesión');
	INSERT INTO Log_Type_INTX ( Id_Log_Type, Log_Type_name ) values (8, 'Ingreso a Sistema');
	INSERT INTO Log_Type_INTX ( Id_Log_Type, Log_Type_name ) values (9, 'Certificado');
	INSERT INTO Log_Type_INTX ( Id_Log_Type, Log_Type_name ) values (10, 'Validador');
SET IDENTITY_INSERT Log_Type_INTX OFF

SET IDENTITY_INSERT Resource_Type_INTX ON
	INSERT INTO Resource_Type_INTX ( Id_Resource_Type, Resource_Type_Name ) values (1, 'Imagen');
	INSERT INTO Resource_Type_INTX ( Id_Resource_Type, Resource_Type_Name ) values (2, 'Video');
	INSERT INTO Resource_Type_INTX ( Id_Resource_Type, Resource_Type_Name ) values (3, 'Documento');
	INSERT INTO Resource_Type_INTX ( Id_Resource_Type, Resource_Type_Name ) values (4, 'Validación');
SET IDENTITY_INSERT Resource_Type_INTX OFF
	
SET IDENTITY_INSERT Resource_INTX ON
	INSERT INTO Resource_INTX(Id_Resource,File_Name,Description,File_Mime,File_Data,File_Path,Id_Resource_Type, Registration_Date, Username, File_Size)
	            VALUES(1,'intx.png','logo empresa','data:image/png;base64','iVBORw0KGgoAAAANSUhEUgAAAZAAAAGQCAYAAACAvzbMAAAAAXNSR0IArs4c6QAAAARnQU1BAACxjwv8YQUAAAAJcEhZcwAADsMAAA7DAcdvqGQAAAAYdEVYdFNvZnR3YXJlAHBhaW50Lm5ldCA0LjEuNWRHWFIAAP+BSURBVHhe7P3303XZdR92IjAHMYkUSUmUhNQJ6EYimMCoxGCr5KCRZJIAOjcaOTaABhrMAANI5MRMSracxqWR7bFNcTx2lcqusqc8M7JGNVUjm/plyjP6Yf6EO+vzXXvde96nT+fned+3u58fdp19Vtr7nL3W+p6997nnPudwOFyWy3JZLstluSxPuOwSL8tluSyX5bJclscqu8TLclkuy2W5LJflscou8bJclmdK+fDv/teHa1HO9uOyXJZnYtklXpbLcr2XvaT9dCxnr+uyXJanU9klXpbLcj2UB3/rj3eT7rOhuPaz9+OyXJbrrewSL8tluZrlA7/5j3eT6HmXT/7H//3hv/m//q8XUtjea/O8i3t19v5dlstyrcou8bJclosqD3z+j3YT45MtTwQU/h9/8v89/Mn/9v+7kML2Xpt75bzB5oEv/FHd2v37fVkuy0WWXeJluSznVZ7qMtRjAcQ//5f/ajehX89Fn/euZcpTBZjL5a/LcrXKLvGyXJYnW54sYDwSUPzP/+v/ZzcJP5OLa967F08WWC4B5bJcVNklXpbL8kTKXtJ6tLIHFv/0Xzz7gOKJFvfo7H17MqBydvwuy2V5smWXeFkuy6OVD/32/2k3MT1SOQsYl2BxfuUsqDxRQDGWZ8f3slyWx1t2iZflspwte8nnkcpZwPhnf3IJGFeruNfbe/9EAeXsuF+Wy/JoZZd4WS6Lspdg9srDAONZuG9xvRZjsR2bJwIoZ/3hslyWs2WXeFmevWUvkeyVLWj83//F/7abvC7L9VeM1SWYXJbzKrvEy/LsKo/3h3xb0LjI31RclqtTtr9debxgcvlDxsuyLbvEy/LsKHsJ4mzZgsbT8TcXl+Xxle1vUx4vmJz1p8vy7Cu7xMvyzC2P53cal6Dx7C5PFEwuf2fy7C27xMvyzCt7gb8tW9C4XJ66LFOe6DLXWb+7LM/ssku8LM+cshfkU7ag8U//l8s3py7Lo5ftL+QfC0zO+uFleWaWXeJleXqXx/qh3wDH/+3/dfn21GV5coXvPB4gufyh4jO77BIvy9Oz7AXwlMvZxmW5iMKXxq8uZyXPvrJLvCxPr7IXrFMuZxuX5WqVxzsrOeu/l+XpW3aJl+XpUfaCc8oAx+WP/C7L1S7zY8VLIHnml13iZbm+y14wThngeLYvU/1f/p//78Mf/Jf/08PKz/3ef3144PP/1eGeX/0/pNz+0f/94W8++O9dUX7kHb97+IG3/M6xOD8rQ29ssMfuXnv6sde/Z0OZ5a1LIHnmll3iZbk+y17wTRngeDZ8uPAsOPzaP/gnh3d86v94+Ds/+x8e/tq7fv/wmnu/eHjB3/n44c//rV+/5kU/9Ee/9E8/9Xfb/2c6yMwHHi+B5JlXdomX5foqe8E2ZYDjmfjbjS1QfPTv/7eH1/3if3z4K+/4vcOL/p1P7Cbrp2txPa7L9bnOZyqwzG9KLoHkmVN2iZfl+iiP9qvxZxpwDFh8/h/+D4d3fea/yDLRDT/1yd2E+2wprv9vvP/vZ9bivjxTQOXxAMnlr9ufHmWXeFmubXngC3+0G1TKMwE4zs4s/tZD//6zHiweb3nJT34i9+sX//C/Od7DpyuozCdTHg1IHvj8H1VI7MfJZbn2ZZd4Wa5d2QsiZYDj6fhfG1vAsOH8Pff/5m5yvCxPrrif7uvTFVAez4zkbJxcluuj7BIvy9Uve0GjPF2BY0DDDOMH3vo7u4nvslxMcb9nL+XpBCbz51eXQPL0KbvEy3L1yvu+uL9cNcDxdPkdxwDGb/2n/+Ph/l//R4db3vDp3eR2Wa5uMQ7Gw7g8XQDlsX5HImbOxtFluTZll3hZrk7ZC46nE3AMaNjg/bH3/uFuArss11f54bf97uEz/8l//7QAk8cCkrPxdFmuftklXpaLLXvBoAiU6/2TI5eg8cwpTxcwEROPBCLK2fi6LFev7BIvy8WVvQCYWcf1vM8hwVyCxjO3XO9g8lj7I2fj7LJcnbJLvCznX/acfoDjel2umtnGWz7xn103v+y+LBdf/u2H/v3rFkgul7Wur7JLvCznW/YcXQBcj8tVAxo+t/Gquz+/m2Auy7OjGP/r9W2uR1vWOht/l+Xiyi7xspxP2XPumXX8039xfS1XDXD8jQ/8u7vJ5OlSbvipTxy+894vHF6zyqvv+fzhr7zz9/JRxO+674uHv/7u3z/88Nt+5/Ddb/zNw213fLbO/yA8cq++5wuR/d43/ebhFXd9/vDj7/17hx9+++9G79aStXz3g2/9ndh/2e2fKdnfP/xQ2fI7DG391TrHH1vfU218171fTJ/2+vp0KvziegMSMXQ5G7m2ZZd4WZ562XPo63HWISHY23h1JcC9xHE9lRt++hOVkBsY/NZB+f63/HYBwG/nKPF/75t+q+q/c/i+Okrs3//m387HDH+0kj/5JPfSl/wHKH7svX9w+OF3/G7Rv1jAAFR+v2R/O7wGoN+PvZff8bnDT7zv7x1+5B2/d/jusn3bnZ89/Oh7Svftv5c2gIp2fugIMp8OP6CS888c/vp7/jD7Ddp+TQGTPn7XfU+fH1a6Dv5yPQHJ5Wzk2pVd4mV58mXv72SPs47r6BPrEsDH/6P/LkltL1Fcy+KJ35N7wKESucT/PQMOVf++AoXvrcT72jp+f/HxJHgziQGO4ZlpSNZA5S9X4pf82X7Zmn1o45ULKPDZevldn0vi/5GafXxnyd56x2cOfw2olI1X3v35gMNfedcA0OcyS8nMpdp9+Z2fP/zEA39YugUy1TZbZi5p1/mdzhcIrXMzHR9TdH2vLvv6AbQAjH7t3aNrXfgN/7legOTRPh1/+be6F1d2iZflyZWzjqtcb7OO6wk4LO1I5knwbwYAZhO/k/Pvq+IcGAxwvLZknH/fm3778NrimQXgjY4COAIwm/Ou/1Z0HH/orb/bM4qaQfx4JfsffnvPGG6t2cdfLWAAKtb/JfmASrUDKHq2AVS+cLitQKVnKj2rMXMBMvpo5vKqorGlHedsOX/tOjfj8Yn3kdcOe99b5wAts5WN/VcU0JC3/KZ938Tau6dXu+infZLrBUguZyNXt+wSL8sTKz74dtZZj7OO62SvQ4AL9Gv50UIzi07qBQiV2CX3zBYARyXKni1YgioQqKMn+l6aOgHH97/5SjnHselo3+H73tI8dbQsaRXfDMD5tPXasic5K72kVcm8EnUvQzVQSJB4+jqzA2DAzitqtmF28UMFQJnVlOyPvqf3SV59b4NAZi6b8+y51MzoVQUSt8559Y/tXj5bS173dNvsWfKyzGUJ7cffZ7ZyWn77y/Z3yp57u3fPr1bhV9cLkDza3sjlxxnPt+wSL8vjL2cdVLmeZh3XCjjMLuxVSLwSaJL9gEUlzO+uBAgkkuirDiDInQABOFRiBAiAo+QaOBoQHMceHbORK+TqPG2yR64AxNP/FlTQG5h+65jc0SV3M4iefZghfC48iXyAAKiQlcR7870BqJekKunXDEM/7JP89dknqSRvM/5HY8tMokEn+yIFQu6XWRAAow8UbgMaD/y900yo7P9Enf/1NXvp2Yq9FjZ+N9c0QG3PaG9sLrKYGT302398XQDJ5Wzk4ssu8bI8vrLnmBz2evhdhwAWyFfz9xsSoKfnPOEnaUvop/2LLDUlYffyVCf3SuwBiwKBSrhmBbM8dQSYqkuIdICE89bpGQddMxP18JZOA07bbxuzjNVyzs1Mut4g85fr6f6H1t7HbZslLXsfkvoPVyJn12wAqPxQQMVsYbP8BVSKdpzVHPdJ6rzaum2BjJlMbK19EiDxXcVnu89/P32bJbC/9q4/yLWwB7QsaWV2U3WzGSBCzn3oDf+/f5rRFPDtjdlFFX7H/671m1ti8RJELq7sEi/Lo5e9DyByUtPma/k/HQJVwD74m390VYDD07AEJqkl2UvqKxmjT5JO4l+JuhN/J/TtkpTZgaUYdbyZPZgBzIzDMo52AgglF0CoeoCCXNqfpaoNr+rawut2T8tdI5d68YfXyd+rvg0UkvB2Scv1ePofYNAmYJiZysg613/LZD5s2Pse84bXbMb3Psh2KW029rNvstp6ac00ejPf0tvJvj54C0z7A0T6Pja2IKJflsCA0N6YXkS5/aP/yTUFkkf7XPwHfvMfV0jvx/lleeyyS7wsj1we6S2ra71kJTjv/tV/uBvA51nMMiT3TuqdbCUndTONoUvc5LI3sZK28wGObJAngbcOeoADCBRNnR16bA1wZOO8yiR9vFnGOgJH2W9QWXJ1VNDRvruASBuxt+QCMGyE1zMTMrNfYY/iR9aMwDLVX6uk7DcgAYo3fLYS/++lj2TNVLzBpX8A6Eff/YeZqcw+yTGhA4F5w2sleHznR/7anJ+Zxujbd9F27C/Q0F6W0B74w/TP9XoZgA5gATTZSynw+IkHrv7sBJBcy9nI5ZLW+Zdd4mXZL3uOxyGv5ZKVgPRW1UXtcfRvL76YRCNBAQHJVhL2ttMk/8wmlowEbLlq1uKBwgBCkngdJW5JMfXwehbT9e2s4AQWqUefjPYl+ZOON7kCCHh1TucIHHXe/WlQ+q439m8wtkA07QKi5vWMhax7MG9poWefxLLWSsr2Ov6qxH/c2wAqPVPxtD97KvpmpjB7FtFdrxTn/N7fTDvb82yu57Xi3zu2BTR+ZO2zzL6L2cy0B2zYcI+/cwETmeNeiv6TySZ977/MG3E3/vTF7Ze98O9+/Jq+/nu5pHW+ZZd4WR5ezjobJ7yWS1YC0LKA5ZK9QH2qRUKRfGbfIgk6s4tOzjPTkIwsQ6Gr995G1yV0MpIcHXsfkrMk3Ul8JW1gs+qxWXUlyb3sqKeNqkug6OQCCEU7Jv30rXRW+22v23SMDrnonNpynP6M3rQ7Nnrm81ud7CuZ94yhZwiWhOj3ktbvZB8C6Ej0Zg9+WGgpSRIHKq6ll5e2+yRrOWwzy5lz1+iVY6DT8qd9EYCm7VkCA2JAftoz+2mgsiH/2SPQaFMf/MblCGYFINmkX3snrmHPN86jGLNrtaz1aEtaZ+P+sjx62SVellPZ+39yjnctl6wE3X0f+0e7gflUigQiMUqWgCMJvJIVsJCUAAGap1xJzsxCMRuxh4E+MtEtGclNfQBC4k69eGOf3Gx8jw5ZYNEJfOq/2e2t2QO69iR6OmzZC2idNatIO/RLh5y+F2/6MzamPiDSfZiZSZ/jOWeD7GnZqGcMx1+gv+EzV+xDSM7O6QMGv++wpDX7JJabkvRrRvPSN3w6IOHevCLnBToBibVvcneDzvyeJEtc7zp9joU99s2EXlMAZTZjSes08/jc4S+Xvre46PQS16cLWP5e2T31Wd96U/53c73k9nzmqZZruaz1SEtal39Y9fjLLvGydLne9jsEms9I3Pz68/u3P0+llngknEmUmXVMvZLiJOuhO5/9DOeZdax6fv1ddYl2QETinL0NiRw9CblAofceTgl96OoBnqqzMeBETn/HLvnU1/KLc3Ldt1PSl3D1cWYtzWud1Ksdcn7IF3sLsBR0JbbxyC09S3v6lmUqS1oFDAA1S1qVpHuP4QsBhrOgYgbBrjemep/EUlIvfwGkXg7rBD/LUSeQWOcFKAArABb5nmnY85D8XQeAc95AVH2982Rj9nFm72QLVt5CO+6v1HVrW//w9nzpyRbLr9dqWeuRQOTy1+uPr+wSL8sj73dcix8GCizTfUlgLwCfTJHIJFWJPZvQlSAc7WtIamYd2QNY9SwNqb9ZvelHIKi6JCqxS7Bo5JOstQMISqbbPAFP09fMoHSSqIunT5PQk/hLVl3CTnJfdXR1M4otCJxsfTH16NzbbUYuvJY76TTonAUVtKONksNrvc2Mpnj6/J1rkzufJSl6gKIS9GkJ6XOZPczyl7eqGlR+OxvbAGhA5uUFAsCodde+x1pq8nuS2TfJ5nydA4AfW8tVrod8QKPa09/Yt8RVADGznYDImb0V3/pCI0MeOPndSezkmj5Xet0XDxR7vvVki2u/FstaYnoPRJSzeeGyXFl2ic/2ctaJOJc102vxh0+C6e2f+s93A+6JFklH8uoEOW9PVV0CrLpE6LXZvCFVdWv+r31LJ0gJ9UivOlCZ+gCEc3WJNTZXPcm/ks/MTAJGqw6Q1CWwY6IO8PQy0YDQ1NNG1SXRttWJXuJP21v96v+AABtAJH0p3vTlJFc6RYu9esoe28DJktncp7nO2GB79Y294fmxoGWpmTGcZh89U7HU1bOD/mGhp/7MVFZSd+5aPOlnCauSt/Z9Z2tARrtA47Xv+OThtve8c9kuwCq7J3mb6etV4BrHLFflEyyn15KBRvZF7LWUznYDfpbkbrurgcUryAGWsuN3J2j6yi/41p7PPZliefZqg8g/+5NH/vX62fxwWU5ll/hsLmedh0NdiyUrAWS56jwCUxKQzJRJjHlyrroEHmBY9STQyPQruEf5oVdiw0M3m0BPvehJ0pO8yS9QSIKtetMl8k7IsRn51rdxfwSIqo8OmQEBbbXd7vPseWRfY9lKG8UbIAMcJ/0vHhN92yqd8KqdDXA4KnTY2fZBfXhK+rBsBFSKh5YlLTOCkvfmlUS+BRXJl76kbblqOxOYV3mNHVA5vcpbukCmQOJ73vLpw4vf9PbDLW/41AKJ/sGjWUPPNFq+l6vo18yj7NkX6f2NXkILiDzwh9Fx7WwArvn2l+vt74bV7GSAkZ01Y+m+NXgDwT0ffKLFMu21+OrvIy1pnc0Tl6XLLvHZWs46zbUADwFjGv9vfPDf2w2sJ1I6wfU6vQQtWWQ5Sr14liD6CRu9l7EkAQli6ugSbpaW1Bd9wEUbnm5Tryd5wNQzgk0i3sgrZBzNGkZm5JPwqx5QUAciZTd0yT7X1PV5+r8yuZ8Sf+xGp9swaznJFQik3rOZaTM6lfy/R/tLv3UADJttr/u24a12+/rLXhX9lsDnS7uWtHxjy74D+cw+CgiuAJU1e7BP0W90FQBVG2Rnyco+x59/8+sON73vdYcfeNtvHkGm+ZI70Gh5y2DAzNtW/UmVBQj2XQpEju2ZeVTy3/66nU1fDp5lNTMc/YzdI7Cst7bWm2n6EuCsfuz55BMtluGu9rLWJYg8/rJLfDaWs85yrcDjwd/8x7uB9HiLb1AFACphKQMGklDTO+FZspIAJO3Zc8BLoq/60CVFM41Okp08U5csU58kvRJw6bJxkp8EO7rkm6ZIbp3IV0KO/LIJOKpOZuiRr7ZjU4Kvc/Uk/tA7kZNTl+B7ZrNpb/SrjZHb6qSd6uMsXZGbPrs+ctt+jr2ACl4dB5jde3KWg5KYbXpXYgYM6Jl9FH0SstnBFlRuuf3TJbs2v0v2Ffd88vCiB/7O4ZseePXh1rs+Ht0fWTMJ+yYBibV5Pj9i9KPG8CvZBzTWcpV9EaCR15BrzDJ72QCR6wRc2w14IEgmsxPgVu149deM5Ef9r8rakzHjch3A8zx+o/Tuz/4XlyByHZZd4rOtnHUSjnO1fxwoOP72z/wHu8HzeEqAoxK+xCNZSP5mGxKJ2YfZRif90xKUZQdJwZO15atJxPNKLV2/5VCPzbIh2UcmT9pTX5vexYu9qs8TfZJv1Zs+9ebTRXekc5SvMjL6luW2st0JvuSr7klXEmzdNROocqwXj7wEpz62jjpslRxbWbqqo6Q/eyt9/QUwC0TwAxx1jL3i6fMAhfOjvUXXVzraptM2q9S5N5yyfxBQ6dlH9jZKBlCgB1RK1n+XSMbf97ZPH776fS88fM0DN1Xy7jHwg0afSGlQ8IYVUOhXffWBLTOCLWjYHI89oLEAAWgAI6BltgI0Akz6Uzb1bZbJsrleOl79Pe7t3G1zvX+saCnO7E3baGYxgOWpAol/RbyaIPJIPzo8mz+ezWWX+GwpvoNz1jk4zNV800pAmKI/2Vcjb/jJTyQxNGAUMNzfv+WYJSs/0gMYEhHaJMDIFs35bKCjBwyKLimo97LP6emdzIAO2pauPkDgnAy7yjHBht51hf3WlaD7aOZhmSa65MumvsZ+0bveCT12IyNRb+rL1uxH0FHUp09A6AgcsTVAVzbYKp574V8Qc69GbtXDK9ntNR77mf50HwI+dU7H0ljreR22ZhQ17lnSqv5mSasSPbAfUJHo3Y8XvOlNh6998C8evvRDf+rwnfd9tp7we5/jB312fi03ZS+ixhUIWMLqfRDnxS9b/nLXg8KrCmDsoxw3+u9dn5Y3qzCDqGvUFzOKIzBVX+2L9Oykl9HMaOyLzN6JPjdg9IwlegtYfqJAJO3Xtd3wk08eSOyN/NZ/+j9eNSDxR1V7IHL5Da0uu8RnQ3nwt/74YU7BUa7mm1aC4MkuWQEOwS9BOeaNp0pUkj7AQM/ruRXEkam6xCXQBxg8gWb5aiW9SXb46pIcmSTSSnAzc5E0s9RVdGVsXJGAt/XYRzsldknqinrJdeLdgEXsDCiseiVTyT3y+qVedvRDO1tQGBAaoGr9lmm72mi6vmqXTq6r6tnIp79snXSqrWqT7ZY7gVIDzMb28K64zu4rPrplK0/7dCTq45JWyUu+r373hw7Pf+grDl/xgW873HT7r9VT/yR14OO7Wz1TmFd7+9Mk/arv/BLeuXZm/8L5cZ/EefXFZrolruOsogDC7CUzjxpjdf2xIZ9lsroHNte95ttgBYx6kz60ktvOcsxORs44vOQpAMnVXNKSE/ZA5PK3Is9SAHmkHwhezc+ScP4ns1E+wJHkXElIPUmyEpF6J19Jfe1xVAALfomrf+fRic2TaSfmTnZJhlXsd7DrPMtUlQxjf+mR1fY2uU5SzLJTZE7JVIKkg46mJKkWnf68eRX5JZOEP7pVl/DNJJTUR75k5noDCqnXk7A6/ZKZpJ162aczfSYXOrv3lC3XseTYTRtVn/7S+c7VR/yRA2pXvDVWtJzjlV6DV/ffcWY3bcN51z21Z8ZghlAzhh96x28eXvSOOw7Pfej5hy//4DcdXvP2j6T/En9mKt6qqtmFmYGkb1wAkBkIQNJPswSAgu9+2yfxIUbn4de5Wccscdm8z76ImU+NuV/DD2hkiSuzlc8efiy/bm8dAHF89bdsBYzKrje78vYXYCm+PZnjW1uus2ju4Q1P8ttbV3NJ65E+f/JsB5Fd4jO5nAUPDsEx/vm//Fe7jnPehcObggvKvaB4tCLgBzCAQvYkKvH0TGLoq150yWhmAZlJVH10JTDBD1QkJXIShuBHb5BowJik2DY6cZuNsCW5Nl+S/EL0vLaafgEjCTI22f7C2lNoQMFLwq4n2cxG1Ide7ZzqLT99m6Q+/dqCgrp+SeaZTRTfm2MDFk3fJPclM0td2pFo9cdGeq6xSnTq6Pyos+p0Iqd9+nir/wFZcvpc/AAHOXol1+Nz4ilZIrrvs4c/9d6XHZ774ecfvuxD33C45f6H1j7J78c+YOALxze6gEoBEFovJTXI8Aeb49kn2ex7+BFjQKLaN5Phj87NJmemcXwja32MEUAAJu3Zw7FUZUbBxnEDfr3ppY9mMDbRG1jMgvoX7/PWFkBy7WhAbc/nH6tc7SWtvc31ZzOI7BKfqWUPPK7mm1ac/L2f/692A+HRim8aAYP52q3E7FzS8nQ3M4ztrEJdEEtI2UCXoIongUisdAYkAigrmaqzS0ZiyExhk+jUp71+4m69JL+q09PH0Es+s4iRqePYJtMJuI9dX7OL4s1MQ3t5mj/KdFJGbyDoPoWuT0smdlZ/Qo98JerF0//0o2Q6gS+7RQc25J2fZjbq/SkP10q+r6nvS3S0ufqCdqxrh07O23bOlxzb+jNyL3/zLx6+5T0/eHjOh597eN6HvuJww7vv7GRbfHsVQMT4SvQS6HE2sUAly19lz/LS/H7EdUjwEr7z3gj/dJ3/Qc8QylbvcayZxtoonyUu/bztdm9x/UH+Rlefs2FfcmNzdH7ML9erT2Rs2qPNW1uxs36Rb7nsSCtb7ovfw+zFwGOVq7mkdQkip7JLfCaW6wE8nuiS1cvv+mwla0tQNauohCEBOZo1CDZBa/lEopo3pCQ0MxB8ATyzAPQsSVXd0Xk/0fesZJKkeoOBp/tOborEh9b1TqKTfDPrKH0JmcwkcbL423pmGmwXrdtv2aNMHcmxjea8ZXq5I22OzGpHOdL1E734R5sLFGKz6Nulq7TBVvpv6avvgeUVMybXdZShU7bYoOv+DNhoJwBVfLbI6w+duTeO3edeYgsQVXvRW7yb3/yBw5c/+C0Bj+c89NzDC99+Z/olCUvkrsEylbHPBxMXr/cWLH/1bKP3Mch+PvKWqdg3U8keRp3r4/y+5Iff2vsi80+Lx830yPfMQ3/Zk/TNdvgRELt1faur+8NG6XhdODLrx40Bkc1HHQswQstbW+u6Qvt0zWz+oGZJT/wPr8yILkHk6pZd4jOtXEvw4NBPdMnKK7k9vW9gmFmBJ8VJ1hJIA0YvQx3rAYztBwvXbKT4bW8AZWYSkuwClEpGdASzpDWfMZEUZgO9gaSfzttOz2LwzG6SXJfNScDkJeRTAu2nfXXtoDuXjCVSde04TpuWkSbho6lP8m7dz3fiRq8n4UnI5AcUJGrn027aVgcWRQ/w1BGdjOtLn+rIHnr2hFJvsHBtXV866lXSx7oPfU3dZvpSOg0wzd/W/8I7/87h+R/6ygKP56R8x7v+rbQ799E99OQ+T/s3D1CUbYmffySJly3+Ftka7yxJHfdJfCLlc3n9d5vMLWsBiQYoPwT0BeG1xGWmUTbOLnmdnXn0f5Ssrw5XG+z3Mpj9jpbpr/6eltKynwJslu2hzfe3nuirv+Sv1pLWJYg8CwDkWoPHE12ykpCS8CsIBWcAo4I8b65UXcCjC1I8gSgBOQ4gkJ3EFFrV2fUL9CStssEWfuhVJL2AR8lKlPiTBPOkXPXvWfISlD6xI0FOvybxdiJuOr3QtVF1STD1spGkvdpOO+SrLiG3PTJtM/WVpOkpUz/OOlI/0em4hq43WGiHfO7PRkYdCLknARX1one9QKD46cc93QY6u9O/mdmgd5sNPOrRLz45NLz0Je32vtCfe/ffPDznZxo4zDy+5b2vbbmSGb2xoXjA0KZkK1F7iHglUHm9Hx4uUKnEz1d6n2QDKkn6a+ZS53ykl7AakGYf5JayRf61NaMN35JX9Mm3/nG2oi8187BUFYCosQRUJ5menZABDvnHxNWu/Zp5Hdh1ALfIrf8lMdPZi5VHK74fdwkiF192ic+UcvZ3HlcbPLwlsufce8V7/Z4eBa/kIsgnMatLeM6Bi8Qh0GZWQCe/Lyj6gAe9Boyud3LuY35nwQbwkcRSb3Bhj4xgbz1J8zTrkAwlB3oSXOxmKefzkekEWbpVf3UdybW9lYSLnvrqo0Smrt1tAk7Cr2Nsm1FIoIveyXTJR6br33V/9/8oM/SR0dYV9L7Gtt9AmXr1c+y4lsx+6hhgyzVu+pR+NNiwlbaXTl/zAGa3v70+tFe++VcO3/ruv9JLVgUg3rj6+gduLVD57MleyQ/QzrgoxgzdjGCAAj9AMUtMxTvuk5Qdswngs92PuHKfZP2z4vHcZvp8IqX5V4LG7JOs2Uy198PV1ixfuU+zDHbam7G5/vtFO7Vjf2W+teUvAQCUN7kGROhaGtuLnUcqdC9B5GLLLvGZUK41eAjKPafeK2YPAljAN3gAhE686BKdpD1JHj8JpRICIJH4JCXgkUS4dCUcNgcQ6NskJhMQqGMDU9M6UbUsm+iS5gCGQG+9BomxETuR7aTsGo4zjanXUVuSkDod8tO2JBwwKLtJ1CUjAU/CdCSv7qhsk/yA28invmYsI39Wd2zS9cbV0NOfI0B0/UgvmQEe8gOGQFbfx+7U2SDnSGd7Ta+47+OHr3n/CzLjMPMAHt/4wHceXnP/p7qdpcM+e+7f9CP3edk3VjbF7X1I5OQlX/6QmUrpHkHFE77ZRcn2TKVnCl7XHRC4tUDl+MXgsmU2wJ8lcW16A0tSt8RFHiDgzTJUL3GtDXzAU/fmZQUQ9igAGRk6x9lJ6erjrUXb/lc7mteK/7UCgmy4F2iZLe/F0CMV/btWIPJs+LHhLvHpXs7+i+DVBg/Bv+fMZ4unQcEEJPo3FGu2UXWJNT/QqyCS+LNUVcE7MxRAIEEIaAkEXcDN/2ewJcGTZWNmI5Ev+iS4I2Bos2TVBxjMdNAlPXbITpLdgoHznqX0stfMWCb5to213INfR9eCDjjw6HVyLr0qkpwZk3bnCT8yZTsgWAm0k3wna6AT3bS5gID86m/qgIB86XvCpZd6ydObPrju1u2+ja769H+uAW3uiXquwX2uMm9tuUdt6yT3ivs+dvj69720wOM5vXRV5csf/OaASvpSOq6RbPf/BHYD1vrJtpLrrzZ99iTLUAMUlrQ2PzS0J7KdXczmO1m/Ts93t8rXgEBe9c0+SM9cLDc1AJhpnD6Rwl9mueqKfZH1VpcZSa65gGle/aVDPyDiza6S0ce0U7pAJF8nruv2A0fgNB92pGvmsxdTe8V1XysQeab/u+Eu8eletgOo+J3H3oCfd+Gklgv2nPhsCVBUYnBMsl11+wySfcCj6kAiCb0CKUtVK2FktlE0vABCJRObqHnqZyM6bRcAJXkXb5I5nU5EbPTMpun0O2mOrHN1yXHe+pKAut+dsEd2bCSh2bwu2U6qneAm2bIfAKhrmcQtgdB/tR/1Tb2STCfd7cxhzSiq7hjd2Kv6Ag/tj/xskg/9JLOAoPrGRtdXu1V3n7Wln90W3Q1olZ2AUPECckXvfiywKP1p43g9VbdZ/uUf/NO937HAQ3nh2+7sNsvObJxP3/TrCBRV1IHUXJf+qTeYnj7fjyZJS7xmo96Imn0SfZKcyfWv1ftX5JI1kHGfbrzzlw4/8O5PxN96v6JnMn3eP3g8gkb4n+7ZSs0WvKKdt7wKILTnAQUwmS0df2NSOsDgx/23yDvXJn/+MfHT662t0ze9tG2jvv96t5d392Jrr1ytzfU9EDmbn55JZZf4dC7bgVMM5kX/SJBTcs4X/t2P7zrvtng1V6IX9AJIsp36JP4sZRXN7z4EioQCBASMEkAo2oBH6ktnZCfhkOkE33sfEsx8qFByQU9CrPNJ/OygS0SOziWxAEbxJRq2k3CL51tZXS/dajcJs+gDGBIHMNGP0ZNEvpdM7E1yX0/V2ksSLnq1eUzaZU/C0X4DV9HL7rFe/CTckS/9Sb7RPdaHzuYX05ejfGy6H6d6rqn63tfY17Gt536s/rPrGunN9bCdTfmiveAdrzs896EvvQI4nvPh5x2+/T0/etRnd/T193ivq6Re4DL3oGeNeHXf1rhqT5/JWh5yzFta5U+n2UfNLiqJe2svoPK63icxDv64Kv74zo8eXvXGT0TWjCCb8dWOWQ4AmNd2b73dPsra46jz29a+yHwFWPKffRH+ePx1ewHLvDU2H3AEPsBpZif5m12b8sAvS2No/Wt2D1r89bai7cXaXvm1f/BPLhxEPLCezUNn89QzpewSn67l7KABj4v+PAln/IU/+D/vOuvZAjgEh6Aa8JAA1NEka2+8eDK0rJCEXYkgs5HiS9TzuRAg0cm/AMWx+Gw0ePQTajbLK8DQ8LaAYSnn+MdNsd18SUj7Epn2BXf0Fp9uA81K9lVP0iwbk1AbMDoBj97Yi552tJHk24k7CZKNuh56+pQkXk+56viTnFOvBEN26NGro/PIl+3QV58iv9o8yiz5tKNevJHveoPl2FeP/LRLZtGPoFX6PlZIV+k2ys4bP3v4uixZ9Wb5FPse3/6un2h9S3bp1wlU07a6e1r2ZzlvxmvL05ds+FedDfXMTOqcD0jKV8w+CggAynZJS5L/njd/7nDzGx86vOjOn63E335mzwLQ2BfRth8pSv5szfkPFWDk1d/yu+O+yCyBSf5rSYu/D0B4hRdwuSYyfoB4+sjj+sfE9WdXft+kD6c3uYpmw909qmvci7m9Il4vEkTknLOzEOVsvnomlF3i07GcHSwDeNEfRny84DHfr9q+nisoFXWBL8CT/IvvKPGOLJrz2SfJxjkgqCQxsxUJwdOdxCGAk/zVi4afOvsSTcmiS4DTjiRDh30BOfrOO1l1slQfPf2augTkF/P4k2RP9baT+mpLvZddOrkfn+CBR/QAUOtK5seEWnxyZOiN/aF3/xtchp566UtaAcQq6tOvExCU/JE+Nls+dqre9AbP6KYPp77lPi1Amvv3yvs+cfj6B15eTnoleJh5fMN7X1kzis/1vaRTdtliM9dZ9Zm9aTtjpQ22I7fuTd0P/LkfgL3bb530b8lK3ICAn3mqByreyiKzBRXtDKh4+PFGl/Msh5UPSub5YnD2QfoveP1/ybzGi0++X/0tQKhrcN4/ZJzlNV/9rVlGgMZ/t7fObK7rPxCZzXV2XKMZ1Zamr+7Zja97fL8b8Xr9RYLII32A8WzeerqXXeLTrZwdJAP3P18F8Hg8v/Hg7Bz8SvCQwBc4VIIxExBwEs9pH6N/AIjf8r3ZbTaS5E2vwEMSYTeAUIlzbNPPxnvJSTbsCzKJphN+g8skoegUTRlwGdv4wCBJqJLk6Mde0TqhFb/o0SveyE5iS33JSt4zcyEPPPTdeeolq80khZU4tWepiQ32yTR9Pf3HRtueBK64/mN9yYyutvfr/UHBk/zSjcypP/o819S63TeJloz6Tfd/4PAlH/qactINcFR57kPPO3zN+194+M71xpUlrgFU16Q997Tr636ql033lC8oub91JEcmy22WuNYbaHiRK94R0Kv+irX3MUDx0jd86vAD7/pUgODWe37tcOPrf71nKiXrMyNk5zVhM4Djvgfdte+R87o/Z8/71d/ZF/lC9C1XDWjZOAdKlsVmpjQgkhcASsYMxz3Ot7aqH67r5Xec3tDy/TDXRZf8XiyeLW/++H92CSJPsewSn07l7OAYsIv+MyhO54//95xyWxok+tMjkotgTSKuIrgkGYm9E30DBl740eknyST6SibWqwWHIMwmevEz28hSlVdse5/EU2wAqdokrx8CXeJXJIHYLDl6+GixR1YQlpyAxLd0ht8A1UDEtraSONfSS4CBHtmiz37IJNr+EV4nMDR2jk/3Jes8SXK1SwYdLX1STxLvBK2evgCM4jfYdD/ok9nWybgOBV3bqVfCH7qn5vRrSy+5ppPp/Rv1uc6j/Wq/69WHot/ypocOz3/oK68Ajilf8eC3HG69/xfXNbbd1Jfd2KnryvXf3dfZY9+y4blu11w040UHP2NQADI2xme0o86mOl6/+vu7h1e86Zdr9tG/Zv++twJzs4M1m1j7D7P8xX5+T7KWsLRt5tKzhgKZsu1V4JxL9tVe+JK/JbDqg71A7QIiPsfe/N/ILKkBDUDTMxpLXL2RbtnLnkrslp5xzx9ZLcAj557sxeTZcvev/sMLBZFn+p9S7RKfLuVa/Mqcs/3kz/+Hu844xadIPEmZLcwSE8AQKBK4IOX8ePn0SDn77I0IRn8ChS9ZNxAsQEhi6PVsiYJsJ/Tmd6LYAY8KMMdJ6ABHmwKdfhJN1SUGwRh+nUvcaJO0xlaST9lKIq82pk4WfxI/u57UO/GvpMtuJWN8fZCYXYe28vQYG2s2MvXVpoTOJjvZ+C7gSt0TfyVDdfbYJZf+lZ5rkgDTtv6xVzIBJjJ1Dd1O66bOThJ0vzXUutt66aatvmdsqec67v3s4ca3ve3wpR/8+l3weN6Hv+xw6xt/Mfc0OmVzAEI9n5ZXT1/WTGK1717OvdVXcnNPZvzTl5J3XQM2I4fuHjevZO//dMa139L67cPL7/nkWtLqZOzjjTOboD+g4mHHeL309Z+JLj+SuN2TARnLTGSc8yl85/S12fsiNVuxv1E+7/ryx1YBol6+AiI+f9L/LVJtlo43xeaTKGMnm/BrP0Vb5PjhjY/jU/H+CfRqg8gz5YeGu8SnQ7kWv/XgZI/1QUROz6k5O6AQ8P3DvwUkwKGOnupmiemK13Or3jZ6j0SSGHBAF+SOka92BHXsrIRAJ8lo2ZNMgBYdATWb8N1G89nuBNNLS0kslbhmqUofPDUmwa9+4KuTlVR7GWolsrqmJMI6d32CWV/arsTc/CTy9KuXcMbuLI81SHRynif1JGub1GljgY560Tqht+wkS8BBnzxwCX31mX76X/RO5m0PTR/obuuOqS/5k+4Cr/T3i4dvf9ePH573oS9/2Ia58qUf/IbDy+7/pWP/p59zD4wbW7lPRbcUlftax9w38sUHCtOfjEl0akzKroLuAYG9acMY+Hqxczqvvv/j0ct1vOljh1fVueTr3JP+X16zDwnaDCGgUrYlcBvdM1OQ9CXzLFnV/ZhzD0jOzSxsjvNt50DjKF/XOctVP7Q+6PgyYJD/GwFMPaMgt10WM8M5AUvvt2j3+EmUovE7fWdjL1a3he2LBJG913ufCT803CU+Hcp2IK4WeHCyPeebkiAtZ+XQ3//WTuqZeXiir7qAE7iSfANBA4ZEje7jhWhH8Ch7wCNr41Xv2UoDw/D7KBldOTNpIDBraDlBl3rxJ5kISsc8aUsqVZcQlIBL6Wgv/ArQBoHWSwIqudGbRJq+rATfSa0SIdk6HusrwbNx0uvEjI83swp9ILO1kbbVS047AYn0tRO649FG8aeuHfUATe5JzSgi03WFTK6LvdzX0k3dcV3DyB/tkK9ruu8zhz//9v9dOefDgSOl6Le8+QPLvrYaLMfm8X7VMW0XP8CWfjSAuQ+jh572l4zkPsDW96jl+A85157ZyP2VgN/4S/GpjH8dX3Xfr0fHuEeuaDavzQyStIuWDfM89ffmO1DJ/5+XDW9dkfO/HvpiyUq89B5LA5LE3vsom830mmk4zydRLHHVuX4ADTOXXuKaV3h7GSz7HeWH/YbW+vxJzYhcL7u9uX6a1fhMihjbi9ltcR1XG0TO5rWnW9klXu9lOwDKRf9Q8PGAh0ARfAEP+xcVNAIqs4MKxmyOJ0DXshQ+mgCuYOiZyQKg4gu62dOQvGapSyBoR/CbTUje9LVDR4KhI3GQmwTTiUHSGfBYSyMBj55BJFmVDJtJZEWbRISGj972T4mqk/1qK3rd5thwnKQkCU8dYNDXr0n8+qKwHRuRrWPx1dEbdDq5DgDhpb760Mm9247t0CuhVknb1ee+hgaxtt025tra9ra+ZhqLTq6B6QuHV9738cOXfOhPlXPuAEfNRHxl9y+9/fVlp9fncy9WH5xPuwOaiv6jTZ9znSWn3tfT13i6xz0e5NrWjH/JAY7IfeFw2xs/mjF0r3I99/9q7Kg7kps+spN9ErOP0gEMQIBv69fxravyP/fF8te8ygsEyNLVnv2K7JvkF+YNAJI/oGD7FWtfpEGqQeRlb1ifRKn2XCOA6E+i/H7rlA0/LPQRxwEry16+g/WjZTv9rGu4tWiWuPZid1v08yJB5Jn2G5Fd4vVczt58iH6Rv/XgTI+2bDWfXufwnE9dENo4BwCc3LvqghI4ABdObrbQCd5eSM9GgAuahIQmqUsKvQnfT5JkBIQj2xJfA04nDH2QMNjJ0k7V9SP8Og+/An/aFpRobOpX83spZfidlDqpDX/ASOKTnOinHp1OrvS2iTdLUgUGqS89suxFD3is+inBn/YvTm1IpKc6u9O2pBzQqTbomT0EVNKPvobYy739QpY4Ym/RG4CanuWjsr3VVY7tp69fPLz0jT/3iPsdiuWsF73lzSdddkp/lprmOtyX9KGOirYnyadexxNYGO++J7nesjXLfV3vcWDXOOTe3ffJw8vf8vNlp8cgSfzNvxBe/DN+0OOqfjzPOPVvQCwN6eNNr+vvbtGbb2VNsrZPYuaQJavSO35KvnSBwmkmAwDsi3zh+Bqv+06e/g+Uvnuz/SGjfs9S1fGHiXTMaN572jthVxv5I6s1KzJL8sbWY73q61ouCkT8qPnsLEQ5m+eeLmWXeL2WszfdQPzTf3Fxr+tyokfbMH/J5v/JJXefgxBQAmHemAIoAlE9M5Ny5OPvOMrR7Y8IZAl7vlcVe3UuCTSg9MxEEaCZ1ZQOuoD2FE3f7EQCGdsDHkkQkkrpSCrk+ml/ZiYrodCvgE/bkS3wKD2bufgBrKKxfeTXkX7qq/1OQg0CZOkeE3/xj/U6boGInNJ67FdSJ7v0tdGJXL2SY1032UnwZNmf9hzJ9oyhaWl7zTq63v1oe912nvhXva+nwaVtd12/X33v5w5/7u1/+/AVD37rFd+0uqIU/evf+/KS/VR0Z9YxfUPLvah67kUV/SKTevVFu+537nPke+zpXFnv+27c0dTtq6i/8k0fCz92i67+svt/IfUBCnIZ+5GrNnt82xZf4e98Gu34llb5G2AAqAMq88FFMZG2KsGTpete083mec6BRp+bibMDRCRyoKEv/XsRb3Gt2UqBAVAiA6jcM8Ays5MGI29t9ZtcZPULzfGxNtcvcmNdznqmgMgu8Xose1/XvcjXdTnPo72q63MNeUW3nJdDBigqwATZzCgEm3MBFPCoJ7nseZRzC1Y0wUB/lqCim4DuWUgHe4MSfsCh5PEFrkAW9AAs4IBfNIkGf5KPIhkBD3ZatuzUUb/wJVJ9SYItujq5Tlqd2Mh5KlYPvxKUgG/ZToLsJ/FXv51niat08NkDSp2EO5GqT9IawCB7NsEDSk+b6mQlA23oX2YS2ipZhd2powdcztgIXV0bdd797GtGn/uU/qmXjaGz+23v/Nf6Nx6PBB5VvuSDX3t4+f2/vK6B/XVt6rGv/QUodUy/5r7rO/mizzV1nxbALFtoqZdM0/ueuC7jAija7oDKFw63vunnup2q0+eH0wd0egNuDSrNdyQ7DzmWtPi5Qtdy1+kDi32/fqSSd2Qr6ZPLF4PLbr/6WyDxVnsap/P5VHz/s2F/EkWfgEZe6z3OPPq1XkDVoNafgM/sBLBVfL3i7pbxmm/PenoGRfex/vVQ/F8UiOy9mfV03FTfJV6PZXuj3fiL3DTnNI/2I0GOKrn3bzVO4CGwZkZhAy/gUYERoCgap6cnqZo5CKqhW34g7389JOimdWBzeoneUTuSdoCi5LTPjj4NWKV+f/+wMAFfbUg05DpJdD1JpRJqEkkln+FLVr181ola4pGAk1TKfie21mdXm/OUH/s20Zf+SfaU9ATuyCYxslm2GnTa/swCkuxXPwIS+NX/Y4IvWcn4WGeD3Wqjk2sDAx33nZ5j2kt98ZcNfYiNaofdsaHP+kTmFXfZLP9b+QzJo4HH8x7yuu5HVl/7GhoI2s60f6LP/es+pg9LZu6h0vdojY36ZhzGFvnTWJUtY5x7UE/zb/7wuqcNMJHjK1XvGWffe29sOeLzDXz9ozO+wj9dh29p5YeBpe8tquO+RdkKqEjo5fv6Nn9UxYfte7jnlsec5xMoNes4Lmk5ty+Sc78f6XHNm1YVV+zNElf2VqqvZGZzXYy6P2Yn9kWOS2ulh/ZYm+sX+V/rz4RN9V3i9Va2N1i5yE1zzvJonycREBxbcAhSU/BsZldQhVZBZzYxCX42zwVcgwfwaSCgn2WrCkR8OoI1uqVDny06+An2ko2cIC/9LFtVgDjiq7PdyWjNIhZgAAv9V0d7Tdqg0/xOrL0UpU1FP/K0XH3pRDozD/ymozW/E7B7wM4kMse0t/TJTgLPJjbZ1cYAhqfnzAjSp7UngcZWJU+21L06i44/fZZ0uo3i39l8bZGPjdXG0Nlnz1NpX9dK7qWv39t+vOzuj+UX5Huv6G6L33rcfP8H1j0o3Tp2vfrteo/0Btn0C9312Hupfkzyf1g9/e3xiJ26h9Ffdsi94p5PHm69/+fjT+4JWfRbazaSca1xaXv0G2AGIMOLzmn2gWfcnU8b/BqNPccsaZl9lM8aD6Cbt6q0e+bVX7LZ56gHLuM0y2HzvSug4xMokr2PL/rUfC9xrbetXt9vcVkiY89sJb8NqdmOWMhY1r2dvZPI3PnZ/HI9wFJ6rh3Yiae9WJ9ykZ89ebpvqu8Sr6dy9uZC7IvaNH8s8EiglHMKAkczC3sMAoxDCiJPSb301OAxswKBIVDNLAZcek+kn+gaFNbMo+wJ+C24dFJvvqO+sJ3ALl4n7aZ1sm49SSX8aidAkYCn30kDrZ8sOxnpCxr7dGZWcExW1bcjv9rMrGD1p/ndjr6MPqDBb/DohJN66dGZJDYgIUnSS72OZNXR2NYXspPsW6+X3SSb6YtCL/XoNTDYtJ0+JIEve2zpN3rsam/ZQJOUv/Z9L3l08PiwTfOvONzwxvev+9S6jtOm49TZ9umR3OcNXZ9cp/bpZoPcNWQs5r7WPa6660vdva/jbff92uGV97e/Okdnw2b/a3x3a40hOzPjwDf2aAqdGSv+gTftSdDGvuX6IWZ0+LHZ9xEojhvmDSr6OvsY+dT7SvCuK5vxBRI/+LbfTZ8sPZnJsBXQqPOWX39AlX2R0ydR/JI+Mw+zk4pL7UXGL9cLyLSRb2i97+/1W1sBll46eywQuagPMD7dN9V3iddLudr7Hj7Jvuc8Cof97vu/2MtV5fwBigoUwQU8nAdULGFVUAEWNHp5i6rknDcA9P6E4CULcMgFWMrG8BPEpac9v/PAT8BX8KuTw5uEkPZKR/C1ToNHaKtOZ/QkKoGXxFOBHfDA98mRoiWp1VHfBH5vsrc+mwJU/5zPU7pEra0BBPJK+PpZCVu77LJJVhCT1Q4wmcSamULJTFv6pgyf3dYrWtlhD12/9aPtfi79o3dso/htoxN3A0onejbJTHuxUbOYV977ycM3vvc1jw0eD33Z4c+9/W+lTf1hhw39maSPnvu5+jLXmLp7t+6N6z+9CQYIus6WBM7WjFHqJX/b/b+UemyWfTzX9LL7f+bw6jd+unQbmBo4um8zhuQy3nTqXH2WMtkaX3FuLBtUSn/DU9T5mr0PPiNB+1vcPPVXG6d9kv49iWvtX5D3PofEPpvevS/SAKCfx32Rxc/nTtYn3xukejP/r2/ayx7I2hcRIz0mn89+yvzronbx9mJ/ykV9Cn5vU/3p8kv1XeL1UrY31A2+6H2PR/o/DwHHyRooeu8iv9uoYJH8OZ66Jy+BLfl7AhJcs/8hyI4b5cXPU5x60SYA2W1+A45AZlswBzyKJnjp5qm9AM13qgRgA4lk3zMSCSTtVpF08DsRWG7oBDW0JLPIdaKVHAS2I3kBd+J3shOo+PQtVWg74CEZh98J7Ji4j/xOeEnWZUs5yhZ/6kksdT7tszOy0+eRzUyhZNEje5xV2GupevHZG72uN9DgtV5/ZmPaQ3O96je+6b2Hr3vg1kfd70gpcPnWd/pfjxMYqbPBNpsnetfxpy/aDj31E3C7lrGJT27A6Hhfq37bm35+XU8n9QBP3bPb3vxzq95jm3sdOwssVn8yxo70V50MEABks4w1fkim6w0cWZat8+jUcfxrXv3tT7x34jczsAQlpiwV5tVeMweydQ2zb5KEX3qua/5IakBiCxqu768WaHhYM/7H2YqZR/XHBv7sgYhD/Tm+DlxgpK/xnervXg6Y8gf/5f+0mz+eanm67ofsEq+Hsr2RykXve/gB1J7DCIzMLAocslxVzp9ZSB05d5arKiELhGykV72XsHqj/QguCygCQKXLUdUnWNXRMvPY8AUtG+wKEvVjwFa/0PTPuWQRO0U7JoEV9AKZTToCVCIhI0HpPzl8dsJffRBoZJOASobOgMeJvxJd+B2ISVJ1jq/OZtqKfgeqfQ5118N+92uSbyfIra0BBHKxW7Kxlb4BlDXbiGy3Qa770PVJ5J10yG4ArHjdn5PsjW9+z+HLH/yWx9zzMPv4lnf9cCW2z0Y3/Vj2tK3e9L5XR5lqXzJUzz0005h9oTrPuEamkzw7oa97lvM3fuJwixlGnbcftF11Orfe+yuRn2vUn7ZbckWb8dU3M5P0t3h8JftmVSczPHb4lHamjv+a9Q0v/m1s0OLjdZx9mtnrEEvujevMBxarLQld0s/SUsUPEPCpErFFLucFAB7K9HfOj/wzH2OcN7IyWyn7xlzbZOZX6mz4b5G82fWWBi8zv71coNz0uk9dyCxEeTruh+wSr3U5exMh80X9qyBnEAh7ziLIJGyll6YKKN7cs5AGlabNq7nhl/POLISeoMkso4KKDjrntr+RAF2y+uBcwR979PLmVTl27BXN06D6BLaiTidJpkoAoJJR5OpcgLE9iWWeXEMr26EDkqpLJPqNf/wVeNnvJDxr6J1kU198epJC8ycZtx3n9C0HoelTJ/wrwYV9suwNIODRi762qlhmO4EA2aKnf9pdelVXgPAkq5FlK3arrj19uMLG3Z893PTm9x2e/6Gv2geMM+X5D3117LOp7bRX9b6m7scApjb6+rtt9ABK9Y2u+tyvgGrxQ696z9qmXsf7Pnl42b2/Gn7GrOj0jLG6/RDjqu7a0dkmHxCqI7oHFHrurf2kyFVb44Nk2A84rLby4MJn0t7y3dWGOpo24sN1ToffmYlI8mKF3Stf/e3xl/Tp2NeQ8OfV3j4/fRq+PxXvx4K/F/v487sP7Zt5OAc0HujYz+zkPWvvpXT0x+wkb45VTLtXjwYirvciQOTpuB+yS7zWZXvz3NCL2vfgBJxmz0k4p4TMiQMK5Yw9C+knqgEKCZpjSoQAxfKSp7B+e6rBY4JnwIPOiVYgVEcggW5tdtqgn+WqCii8DuSud9Cu4F422cNnO0e0AgDJRrBPAhHEktTMTJLoJJmidbulo77aC7+SShJb8Y78aq8Tk6SzwGM9seLrf4Ix/EncnZjUw68jGTaPCbX0m992GhDa/gkEejbiPHrLZl63vcLWtCU5tp5rAETdx5btBN9v6rzqns8d/tw7/u1shj/mslUV+x4vetPbur30o/pQfUw72lMvnja6H90n/Z+66zNO06fIr/sywGTsAtZV3Eczi60Mncgs+Vfc/yuxO+M+cnSnjSR49WU/M4uS1ze+QIa/8IXRIzf20PmWOn4vY/UDCHpmJ+p15JcDKPz6lXf73lVvgEvq+SdCM4Oy5TwzlYqfjE/177hkVQk/r/a+s0Cm2vOZEgDSPyDsGbCN+iuWuGpcMlvZzF76P9f7syps/us+f1LAEmArefdkLzco9C4CRPb2Qx74/B9VWtzPlde67BKvZdneODfyovY9DP7f+MC/u+scgmF+48GZOCGHN9MQHICEo3L80EoOiNiPECCZmdQxeiXHXi9r9RMcuiDBoytA0YCHI7sCf3QThCUn+PUjgVvnAZdycnwBqx7wWDpJsIuPFr2qC7BjQim+a5K8yAdw8IvWia8TxiQ8ZfSz1xD6eoLWh+Kro7GtqCep4tc1SN6jM0l1Erv2BLN28LXV/E6QedOq+Gg2zn0LadpU1P22IAm12hm7rm9spd06n7ZSX7KvqjH4cz6I+NDzdsHiilLg8tyHvuTw5972d2NrbGij692GemYM2kOreq6/jtoOeES262TSp1xLH6ffZF5dAHfzvT5J0mPY9JOM48vf+MtJ0F6+4F/0yPPLtt11faF7xXiXj7AR+dJ1DL3qw1Nvv2o76Gh4+f1I9NpWz1rQGkTyMBO5NbuveLIv6Fr1P29VFb1BpZeoJHRvdFnSshpgfH2Hy6u+PbNYX/0FOmt5bH7NHtCo6+yZR/+Xu/tsiSvLVwtojAfgN2PJpn3JuFd7OULxiaOLAJGn037ILvFale0NUy5q38OgP9IPBQVaZhfl5JlxLIAw5Xb0RJTEX0/a5ASL856FNFDM1L5nHL0nMkn+7CxEfeTyxLaCq9voQPSUJXECjAR99bHBY8Bl0UqObgK3aPm8eNpYCaD6FKBIcBet6mjeQgq/aPjbWQT7k8ToSPitu8Cn6pM0Fckbnx36Azh5oiubI8vOJLsk+eqroj7gcQV/6WeJa/El/6n3E/jJvmubfp+1lQRa8vlRWtl1PrJ//q3/Tjni4wCP9brut7/9b1bbve/hmue+dZJe7c21LeCbfuaaqkzfph/Gq+vk172skvtedl563y/kHpFRRpeMOv4r7+5x0JbSIKIO/Pli606ij/3xC/J1JEe+/anr7PMJR8n25H8NFgMw9ktabvkw361zdgGK87RRdcmb/Xmwmn0S55Yu3T8JnU5vvv9hQMDMaZawxKd7GZAo0Mh59YmtWa7Sr3zuZH0qXuzmw4sFIr0vMj9M7H0RMvrKl/ZyhXJRvxF5uuyH7BKvRXnfFx/+/x4X9be0j/S6rgDxwySOK2kHSMr5ZxYiuQMVtFmu4vjqgiHgksBYM46iSeponDfLVaUrsCbZZ7mq5OiHVk6fYKuZAJ2hJVDL4enoC94EIKefoMZXT3KoI5mpO05AS1qOrnmSSiepTjjN7+Chhy65RbfOw98uay2dSUbNb3AJP/pnwaH4lSDSh9IBPqEVrxNpt9n8qmf/pMGn651k9U+fR6f53S5++lh8a92R1ZZ2Je+0K8l/usDjpx57s3xKyX3Tu7/v2Me0Ufa0Mfe0+6C97kf6ttrTH4mx9dpG3+e+fv0iP32353PbXZ9o24uOf4VM6U59ZObeq7v3QEI7aBn/Y71nuEf6sd7+53z8yTm68WVfffwPrevtK3mYqiM99eNspHyZn8evi5+ZeWQ7NvJ59+3so4Di7D5JEnzp+G0HgLBspY9mFvPbD/aARH4vst4Am1d/LWl9b5bIejwGeNzH/uV6b64H2Oo+7eUMRT7ZyzNPpch9Z2chcuTZvHmtyy7xWpTtjbropStPGGedwFd1t9+26tlFgcPaNBd4DR69Ea4IhAaZfqLqmcTnjzY4M9AQZP5DwTnnbDkzigKPonFev2afIGvadkbRwcaJHZ3TVxf05NEkBu2Scy6Yj7RjEugkM0+kEhX9WUqaBO6ahs8WmqP+TJ2drPVXOSbIakN9dKbd5rdO69PxP9fFrzbm6Rw/dsPfzBbw007r45tB6N+0GX6dz8wCrfuwaMe+NK1tlY37Pn74xvd8dz65vgsWZ0vNPr7q/X/x8Ip7PpVPkrOrn7Fb7fqMCrvamOsh45jrybV1v6dvrqf7NP0k7zp6DG+7++O5f7lXpauO3veq6bfd+2uHV937mbZb5xmPOgIw95t9ZcYeL2ARXgMH/yXT9SVT9uNLdNWXjuXO8S2y45va4j9jg8xpGavBAt/5+DsddT4/+uNDP5LZgiWt7afdzSb6v9nFm/tgyeq079H3+gQ6ZacAZLuZbqyci2v3SF7I8pXfhlT7NuTti5idWAa74af2P8BI79m6lLVLvNple4OUi1y62vs0+w0/+ck4WX82vcCjHCozjnLafNuqnL6/oNuOzwE5t3XbDoYGBUHm2E9SvXRFji3BJZh6c72DipxAb7v9lGbmIzjIa0swB0jqSIdMdHzrahvQVdeXYzJYQNG8Tl6WFQTVLFWEXzqSMJud1NFOOiOXdhd/EoulLzqTAC2zSXptZyXCqS+dmUX0zINOJ83QyrZCNk/yq1+eMMfOFfzSVUKro36OLXxgkjZXX/CjF3BZyd2vyx+4+fEtW63y1e9/4eHl93ziNIvRr3U97iXbcz3a17fj9aRupjX3o6/tYfXSzf2p48vu+6XDK974a20vtntM8Lsd11f9uK/6hF602E+9z8mjDf1Yr7YcM75lw5GfjHweLpaMuja3CR7AtW+3z6DzOfIBDj5efSDbPt3+ihcbQKjoE1t8b2JPPMX3q/0k/rW3wWcCKqV3fPV3zRwk82zGA5nqg0+gmEU06PRvP04g1MtVpyWw9ervzDzKvnsLlMj4BbxccTZ/KBe1H3K9L2XtEq9m2ftr2n/2J+e/dGVw9/Y9bvjJT8Sxs6ZaTutJQ5JPvZyqnbt/GGjNFbgk+ZdjAxBPvb253sGBLngAySR8+oJO0mdvaOS0LWD9mCrBUsE2wcXByXFsSX+CuQNWcl6gUHICb55KteE4gSzoOvglk7JTRYJwTJKiX3Ykv9gtWnTIFa0TUj0NVoLTd7bR9SkJi90q0Vm00FfbnmrpqNNnx7n+T9KcxDttszfgMrThS8bRpzP6+OpkF1+RrB/GL5vOX3X3Zw/f8J7vfHwb5pvywje/Zc1ouk+nfrPbbUhEuYa5rjPXqH0lMurFm/vV19b2Xnr/Lxxuu++XU8efNo0TPfXc03s+Hhl+lmtfMgPCZE71tuP+hl5HfTJ2js75w/gTP2i/aPnoo5dM+2nr8lty+FNX4s/xz6m37QaLjhtlZuT8Cj1xE7sdL3Tn21cS/3Z2oZ9ARWz4UvZxCat050eLzvVt+3kT1zb/bMie6zEz9q+GPVuZHx32t7a08UgzkYvYD/HZput5KWuXeDXL9sZc5NLVI+17WGLKfgYHLecDGpz5OOMop83vOMqx+vce7fDqgun4e47iZwZTNDJJ8vecZiHs9OyiQaFnAQ0qAjB27+2gG7kEW8mpm114wtcOe4JfGwnw2GpQoCP5zBq0xOTIbsue3sKaxBq5OgLDAEVo7HRiG5o20EZ/Alf/O3kVbfHZfvmabZCR9NW1k2RZ/d/S6Ks7OsePnRxnKapsesOq9JM8AwjN19bYpE8G/cTvBEyOrdvu/ZXD8x76il2A2C0f7jeuvuWdf/XwCjOidc3TR7Ok9Mu1pt1J8NOHLn0vq4+5BwU0swS2+ukeuMeA79b7f7HvzbpPbOferHuWdmtm4gOPeH3/mj9jRuZK+uie6o7xqbLhmPqSz0NG6OrtE/jxn2VjAIH8PCClXnT1lrFcterlW3yXDD5/Z09b9DueWmdikM7EFbuO858js2EuyZstiGfX6572klbPJPx2BEhEF2jk44t9jp/zAo0BpZl59Gyl7f9Yydh72cslykXsh1zPS1m7xKtVtjdEucilK08sZwc7y01V+rMkDR6cmUP5NzTOHhqnrUIebX7bEXApABpaEn4FWQCigsEUeIKIE5PrgOhAUueYsSVhl8PP0tQEjaDG7+DvpzzJp+2uJ8FFE4RAgE50KwgsEWhLoghtJRR9EjSATB/mdVyBgz9JTyBPkiEXnZJDSyIqugQXWrU7+uTw9CXJu3TJJzGV7SxLrb4+fGZQCX4zc+jkz3Yn7Em2DWYFDupsltzoJ6HHJvtta/jeUvrSB79xHygeoQCPb3jPqw+33fWZXN+xrdWu9l1b+lIAjjdLXHNdrtFvFujkuhdt7pvrUb/17l8/3Hz/g6n3/ep7Q2fGBU255d7+um7L9L0f28Zk7lHLsNezFHW8JH7tVOEr6kp+QJo2qk5m6TRYkCuAKH/ic66Hb6U9rw0XP/5c194ziFUvOl92TF0slA57ZLIcXOd0EydApWjqA0zk7BeKIfIz3vOBRn5zWpLqmYMlK3uZ+r/9ZEruY7VtpmHVwZebXXMvcfm9SM90jh9jLFnf4rIv4vxsPlHIP5uWsnaJV6tsbwaE/af/y8UsXe3te4zTcjROaiYh8XPMzELiqL6228tPaBw437EKkPQshJMLiiT+ksuMo4KPMw9ATDBoM7Ry+NBW8MxeSAfXKaA4vKNzQXpario5gbt0HPVHPwVUdIuWgC85tNcI6Donq13Bg6d/4S9aP0l20hldicy1dVLaJqhObGw0bWYUlTDr3B6J5ArU2GnZlXDDbztojl2vJLuWf6KzkjPdtjkJu/vjl8YBB/w6xw9tLQHNEpZkTv6m+3728BXv/7bMKPaAYrc89Jzsk9x698fTrva1c+xL2joByela0NaMadPv03Wd7ov7po8vq5lR2lgAG3tF39531+Ne3HTvz637Pe013b2d8Zw6Gfy0k3E4PVjE58pngRWa8zx81DH1ssFn1NnjIwGI6ht5McOePjZwVL9Lhr/yJefiIf4Web7Pr9tX+XBmzKUzs3OyxwewqgML5+zPzARv6lnSAgzZJ+nxsdykXff9rxcIzC/PyXq117K1/uT8zEyGvP8lcX380RLXvNbLvs/Cs302rygXsR9iWf96nIXsEq9G2d6Ii1q6MogP/uY/ftgA2wjjfKa6AIJTBDTKOXuZqmcT+Jza0wknx7dMJVDIJOGXczfItPNzKvWerSygKFscVV0yjS1Bt/gCsYOhAYIdNG2HVsGsj5w59EWjw24CvPrWx7Y7tE4QArqTHN0kmeoH2iSQSc7qs2SirUkqk7jIHBOeRBRbnRzR2Am96kmYo7PqeN3+mYQ7dcfi69cRHOpIhp1ZKnI+9iVp8ui999D99RaNOn7O7/mNw1e+/ztqNvEE9jwKaL78A998XCZi37H7V22lLwVUrrna0udTX07XkiW2yLY8P3B0f9Hp3XbvL69rY6ttpL5sRK+u92X3/PLh5jc+tK7zNDMhk3HNPSXbCXtebJh7bYynLzPOxiT06FeS39b51LHePtyzjn5oGRn+PvWxxd8UOnT5bANNgxA59cRE1Z3zdTrk0E+g0g9lrdfA0/G1HuJKzm9E7JO4bm9t5YeGb1mzjeoDEABEt97pXwrtacyn4PtV3/k6r5nG/Bakz/sz8PMWl3s9cXE2vyjyznmDyPW4lLVLvOjy4G/98RU34aKWrnw58+zAAg/TVzMGoCHIHDkVJ7ScxYkdOTJAMP3lLABlEr3ZCVp+aIhWDh6AKJpjB0qDCsd1tCyAlsRfAThPZXS0jaZNMnQiV0+3AiYBXUE+umQEGEdmRxJhB13y0Cfyiqc9jt42OsnTPSaTstf8frpiZxJM26tkVjLo+NNukmbV85Rf/W3wqDbJVULUJwmygaJ1J8mFVvzYUWdn8UNbyZ+9AY3QKkmhHYEiM4sGJQm9k+6pTTT7Mi+95yOHr3zfdzyxmYfy4ecdbq4n/dhfgJD2j22tfRD8RYtMrq/73zOipmWTPbLdZ+Xld306b1q57iOQpn66533f+rpuuf/Dq9789ANA1VjFRhV+PeMRIKn6+A0Z4ykpx27d08ir1z1jk66jsWa//a1nI44NMGQ8lLRfJclXnQx747/q/NGRLvqATAMCWz1LwdMueTHR3+VqoOjvdZVO0fHIDnCQoU8Of2YL/GT2MYBYQKVAQCz3tX8hIOOBz7lZC35+H1L32udRvNX1/ZnZ9GvBPnfi1V8zbDo3PsKm+kV8uffsUta1/uz7LvGiy/YGQNSL+NYV9DfgZwc1M41yQtNVDuhpIjOIcuKZhThvMAAkp41xRUBlFlLyHLc3vPutKzzOqwjKpvVUnqMLrPldiKDpAOtZiLYm6Mi1jQqsyJ5mFwnoClwBFhobRWOHnGvWNzT1I41M9bNpa3mjzq1ZCxTXKGlkxlF0yVzftTH60dH+FbRK7tUfenkir/oxqVa9waFBAR1NIo5O2blyiamBosGh25ikHZ06Z2eWuOg4p2PZgc0tX9tsvODN9x6e/8Gvfvw/EtyUP/3uH8x9sXdx6hOgAIJX9tkxgLDq7mED4fSlr2GuX19vK/B4+T2/Hru5P7kXDRhkembTducNr1fc/emWrTo5ug00LceP3Jvc49WOMe3+n52ZSN6tN6BAfvzFdbRM62efpMbTOT/yogh6QCA6VS+fjNySGVt8UUm9ZEYHTfJXT7zg1bHjrt/Mcn0BiyoedI7AseTVxVEvafUyMwBxdF/cB6CiHWORJa2Kd23yFyDTvwfp35MM6Lgv+TX7OmeHr/W+SOvr89k8o2j3vGche/+lfja/Xs2yS7zIsr1w5SJmHwbtb//Mf/CwAY2zlQOZXUjuHLd/59FAwjkle3XOLdnHKdXricQ+QvRKjtMMQHBSTjz1OHv0yvErWNjgaJx+gjS0OqLRm7rgpIcmeNmZ4EYT3J7EOLrgRZMUAjxlI8G5aHkyLNokAYkpdouWpFJ96oTSiUJCCc3TbNlBEwQBitC6eHoeXQUtT85o0enkFvBgt0rqRSMnierD6Ym+Em34i1ZH/fOWTcCjeM71xxMkff2aPkkA+NFhv2gSN5kb3vSeJ/yabkrpfNO7X1sJ/LMBh+5n949916Hf2tR3gBK++qI5n/ul77FR9dyvyJ6AMLLFnz0Tdlu27TaQVLK72289Tvffyw9to2wVbfqJn2+FTb2OCt/Yjit5dse3pu4a1M0wYiP08omlN3bIjk+nDhSqrs15uMHn0+iSf+ix3UtPZJUsXQVwii5+Vkzx7Y6nnsmoAyh1cfS9S+8IKqsuZmdWQzYb6mYbZhe5viv/yOr4DazSD0isc/20T2IfZDbTb7u9//3wL/ugY+m7xrP5RpGHzhtErqcN9V3iRZbtRUPS8/57WoP1SPsek+j7ravNq7rl3PnL2TrOJnlodeTAAIUjRqecT1AAD47Dkcmjtf1ekmqA6BlJB8KiVdDF4cpWgqbqAlG/nNNRT7AdaV0PkAhET4CrPkmB3PA7OQjkThza6qTTwY3ftE7kdCU8fDaSSI60E5Cwl6S17IZW/EmK5CRFdia56ud2RtH6neCPdlai1N60f5pldCJmW1DjsyEp02G77a6EnJlBA9JL3/izhy/74Dc9iWWr5xy+6n1/6fDyuz8Z+w1Yq81qn21JXz+PM4+qJ/nnOlqeXgBn8bt/zXvZXb+ev5gFDHN9M1vJNVYbo5d7Vvf5pff0HkmuEa3qzsNf9z/0km29DXgUjw9OW0MnO30aIEDHH5uhr+UaNo708iFj0A89Va+j3zN1fflt1dlSxFDbbR9vH23fHzltTSw4AhW2+HViqeTIAJFZ7g2IVFEXT+r49MMrWmYjdTTjtgQ1vyfxyZQsaVX8uzf6M79mN875nIlXfUvfmPjs+3wF2D07/klVyT/SjwzPez9k77chZ/Ps1Sq7xIsq2wt2Ay5i43xv30PxBgYnNA3lHJzJOiinQ4uzogGIcqLZ7zAj4RyceGYmkS0HEgjzbaw4eNEEln0RSZSjx2nRlg10gSSg9YMTJ3BKX4DqwykoF2hUe/o0AcnR9SG04ndi8NZU0aoeWuRqxlHHJJokhdZ11M9ZwkjgLFCKTuz1uTYEkj7iJekUTeJsWumsmQA5RzJkIydp1vWgzewCrdtvO76Am6Rc55mZJBF3AsTXD0fyYydLSHUU1O7R2GYH+Nx4/wOHL3vwm580eNx6z8fKTtt2LdMPbUrS6Piuo/tZdX1e19F81776XHR8/Xvp3b8aPdeZa67SM4zNNS9bdLV7890fjU63R3bufesZS+czTuTmfvCJ6ef4h/6Rnevjq2S0l8RedW2opw9TX3qj2zOTlonPL3/rmChQqHHiT6GXrCP/z55JycePi09GnV10cRC9qourfqOrH7joR6bkxVDaWktXaB7ixGcDTst4MFTH9xDoVeB8/r1kXH9/cNFsw1tYVy5hWUr2au/MXOb3IV64meumT34v9yjnvR9yvWyo7xIvopz9f/OLWrrae2XXjGOeRAY0/HE/p+Nolqo4KjAYwEhyL4fPbIWzlu7xVd239Gu885TD0elkuapkksjVizZO3wE0S1fzBNbB3KDRgMGBBTK+o7YTrOWoAqeXEJrG8ck5ommLg2e2Ukfn5CQn7SeBJCBKrhKL9slN4pEc0fqJu2l56j7KFZBU35OUyo7+qXvqvAIUgEbpkGdHsu+k2LroZLP0VEcyk4DPAgUdfaBDVnBPu9OPtF3yZNi85b6fK/D4008cPKr4HtaNb3yo7HQ7+hYg2LQ5fW9+t5k+zfXWdVhqo4Of+1E09Vvu/cUr9F3TzDzwAwjGoo6xVeWme34httyTvmbjsWTr/gRoit+zn+Z33zrxT99O49g+pM7++JI2+DXb/UDR8padnKvHz5bN0KsemQUQrn3q2jvOoquIrdSLN/7vfFsnPz6vLjb4HN9PnTwgqLq+oPvOnB8pkhfjDRwrZhdwaKPjuuvoigdLD4auQb9m891DUV7lXX9UxR9+rM7tneqDJS37ID2TscTVH2h0fjb/KBfxau/1sKG+S7yIsr1QyHkRG+ef/4f/w8MGzoZmfq9Rg3zcOM/eRj+5eGpw5ETtlAs0yuk4G2fCD0AUz3EcvmntqGj4dNA4Nr3Qqi5BjC3BiC9gHdnivP7jPECylsESpCU/gYtmzXtLS2AvuUkMbKGRbzn2J3F0shj7aOqTQPop2afAm0YGXRJ0XWgdbJ0EBXc//Z4AYNoa/ZkdoB2XnsoeO8qACxqZBopJyp+9ImnjsTsJ2CzAOb2XVZB7m+nLHvym/HZjDyAeq3zrO/9a2bFJvfq72nEN08707dgP96z4kjS65ILW/FWva/Cjv9zLZRN/ri31Ku4Tn9UO+o33PJSj+xRwwC858qnTJ1uFDlpkF5+cc2M8NPd6gGpsG9vU727fcJ/RzWCP9SUzs4e0V7Jiq/3tJMMG+rFe8aRt/MRA6kCi/Lr6E7Cogk4vMcNeySZulp6HNseRoccmmYnpzD7UizYPhOKzY/r0wVT63q4i6+FRf4xnv6XVG+r64z/TxTVQ8Z2sH6lztr1Y8RPr1+zava34lrTsR53NQ4r8tJe3nmy5HjbUd4nnXSDj9iIvavYhMM8O2g+9vcCgBtuf0HACDtmgcdo4V++ZyWlvo6fE7ZwcjIOqD5DgtfOumUY52tDCFwDlgPOkFCevukCcmUyApuRtPAdQKpDohlbB7oimcFAJwDG0CuK8dluJAE2gSiLqaNobGptNoydJLFrZ62MnGn1SRzsmpKpP4tL3JJ5qP4mraGQGFCYZkuun7qaxjT5AEVoVcpKxPjkfoCGXtkpvgAJNW6ODxs4AkZnJd7z1df0vgjvA8HjKl37o65Pwp8828bud3khPP25vXvjV31PfOpHrb67nir5/Jj/6wwdyrjH3rfjG4uw9cj3KzWYeSzb3vRIqObzp14wnG93ukq37TNYDR8u2fttTb/DgU/yCTbr8J+0Xbx4YyPEn9LbRABNfXD4zsxGy46MtAwiWvy55fVDnZ+Q6Zvo8sbfk8hC2eAGA1Huz3bk+kRF3I9Mg0jYSt2IywLH2NktGGxPn4jSv9Zdc27L30RvoP/TW300/+Ft+nV6g0vfgiwEZ+cO151Vfr/6WrnMgcjYPKcb2omchytn8e5Fll3jeZXtxEPO8f3FuUN7+qf/8YQMGFOZNjONXdWvQOQ9HUvckEyBBKz55zmiD/QQa/ZuPluHI7ZyWDMbGAIQAYp/jkdW2xNFO3jRFcAVkEkxFK33OSW4CVmBzyABP0egraA0yneDnTRl2Qqt+TaJwTUdaBbFEMna1Q04i3CYLNE/UTetkFlqSUCemkU3Sr6NzOrNchUcvSa7anmRJbvh47CvHZBta2SlanuQj14lVXTCzS2aStUT/HW/9qQKPL9sFhscs+aX5TfVEWTOP1SdLEtPOvPmlvWPbaNV2gK90um+d3LfXeNudnzrcXDOP7TVK2uGve8pG7C87ZG+8++cOr7yn7mnJNiCU7LH9vnc9xpt6yeFPnS129ccYpG37Vctf8OILaMUjM7JssMUPB6T4Hh18bySqs5mEX+PONzygobWvl0+vOjvojvyU/ZZp4KEnJjtuGhhSL3n+n3rx+w3IposVeoo6ObqOXW+AmNhmU2w6ih+xPg+QZMQyPbbU9as3zAHD5/rV3Zp96LexnD+2cj/5CD6QcZ3sns1Hijx1niDyz3b+N+Rs/r3Isks8z7K9MOUiZh97G+cGODONcpTTr8t7n4MTz6dLOBI+p/AkwrkARECgnDzLX3XeTtaOz7nyA6fSjaMXjS2OxJ4SJ9rQOLDkavaBZ2qdoCpdfEGqHYHCcdUFMD19ozMgk6AumeE7SvaTyBsgenbhCVSyYDfJYdkaWhJK2cprqEkuDTKTZNTZcaSnrcwuqr35vYMk8bAZR8kl8RZNMhv90+8piraS6MuWHbQjUNRR+8oka7zQylZopQvAbrz3oV622gOHx1G+9INfVzOEn03fXN8JPLrtXPNqu/mfaT5gK53IFR9NiY7rWdetHn6use4poKn63Kvcv+JPsn/xfQ/kevEV98t1sk0mM76xVfIZK+3gl+zojL2+313aDzrxo0c29ZPPxEbV+dH0eXyPLP+LrarzOzLxtSXPJ1Ond18/9JDl05artC12Qq/zbV0ssD/7HtrVD4k99KpLzokB9IrJ6ACIOopR7feSVtcVsRhQCb1nHBPTyQPFc/TQOQAkB7y28kX/RqQBxT2zZEXWPfBr9vxavdow7n69fnr199MPy0vKeW+oX8tZyC7xPMv2oiDlRby26/3ts4MEPOI05TAG3wD3TKMdzpOCQQYQzsnN7GPkx6k4DjlOy3k5l4DgYO3QZjSdwNnn2HTHyekkaAIap0CZQCLDMem0nEDpJzY6HYjslxyapSs09ssWvrYkgLRZMpMMJhGwlaCvugSERw9NsEpgEhE5SQVtZg9k7EUk4WSW0XqTfGapR5toSY4S3pJLcizdIwBUkVDZPgsUaORip2gzC0kyJlt1cmmrygvve+fhyx/8lie1YU7HF3n/0pveWP3odgYIGqQaKNLvOj+17X6cZkDTn7kuOi+962MFSj/TNpcOunrui+upgj9LYbmmVcdzvu3T9MW9jH7xjaevA4e/bM34s5X6suXe0qHf7TWIbP2FHbzxJzrzMBE/LZ524p/sFF0djSx/Re8lq364Uvjs2G1fVjeTINMzlJZfdXFBTxxWHS0AIfZWO+IuslUaYCq20Ssu8enOjGNmKeGxU/W8PFNxy25yQ8mpBzjMTpb8PGz64aB7ZAz7La0Glb/8zt8/vvrrnvlOlnN55GxeUuSr85yFXMvXeneJ51W2F6RcxOxjb+McGBhczmQQAxrlHGYfHCA8zlIFaAiM/OK8nIkjNgg0kHBycugCpeV7WYmTshdAKWdvWid1OoKIQ04goQkiNHqhVV3QRq/sTtAI2JEXbIIEja3QSo6N0Krfkhs6muQzNiKLVolHsE2C0EfJCI3Tj0001ynpkEVLomSj5GKzytCcJ9GUvsAir/0BAIkZjQxAklzoak8bnuAlH3sD5OmFVvXbNk/6ozPJWHnJ3Q8dnvehL98Hh8dTHnre4evf88rDLbd/PH3QRsCi+qqe/lS9aT0zmevVj/SHzupvdIp2y10fbX7RJPSjTvHpAPDci+g3f/RvvfeXGxyqhF9yw9eP4/0te2aXmZmUHFn0073u5L8dRzT+QZZMy676Gku86EWHj3b9qFc2+Ixrcy4xD3i0L1W9ZONrRY+fK9UWn3SuP/y4H6b4r3hr+71sfNoLZAdv6ngSPR0ys8cx38ZKvJUcGXFMp+u9jEUmoEKuyvxY2Dm6TfaevfSSlhhUlwvE/py7TkBgQ12uMHbbV3/FkHO2z+Yn5bw31K/Va727xPMq24txcf/8X/6r3Yt/sgWK3/z6K6eJL/lJf027/lGwBjvLWDWYZhztYD3rMMDzthV6QKOcOTROV+fonHR+1+GcE8aJy76gCa14+G2jp+Tkhi9gOChbCj4HxGvQ8CTWwXcEjZLzI0U0fWSDLlkJlY0khqUfudhYSSLJQX0FdclwbECCnwRUMtraJht67M7sAy+Jo+TpokmYvTyyklrxJUXndAUTufyOYsk1reWPcgAnukUrfW9zoXX7nbjVZ8lIn9lRBx5f+sFveHIzj1X83uOWO34j/dEe2+rac736NMtZ3e++xi1t+gMo8QY8wr9zASB+0XIfgeFc42qPXXZeet8vZtYws5DtvTrOUuqoX7mXdWz9lp0xv62Kh5eZmZzGuG3lV+vGu+rOZ5yNxdhIQk+9HyiMDTt8nx6dsdEA0QDQoNC+po6mL4CGfbzM1ss2vcxAii5exIg6vciUbx/paBUHE0epV6wACLEASNDFt9jUZzbEpCOZ5IQ6Ngh0fLODPqCCbvYx8n5gOLMYYDOrGIr7o49Z0iq+e/HjBSqWtPTLmACZvR8YylvnOQtRzi5lnc3HF1F2iedRthcCPM77R4Nu/n0f+0cPGxiDPXsfwCDT0ir+38OTAp5zzuPHRZx1NtjzpFKFI37/W5oXJytbeZIpeY7ctF6n5UicCC1BUjTOLIDYck6Hc0q6nm4ET4KgimCli6c97UgQ2uSQztlQ12YCPrQO/gEI9pJglo7jBHLq2rLHgVbnTVuJpWTQOsmQaxoZtPzQr5LR0AIgVRcgbeuU9F4mwQ1tyc0P8vqzICVX/Em82pJ81bfgkXp0T0k2ibtot9z5a5X8X/CUwOM5H37uETy2QGHZSlvdXvcrQBH6gMv0u/umr4433/uLV+i4jtHJdS36XD9et1ngce8vBSCBQt+zDb/q7j17WaKqsfdmF960Rcf9zRjXeAWUi5cxK70eO2PS+up02rea1nT6Jx/hV/ldSGS1R3aBRPEHJMiKIePjPL4andPLIPxSab1eemKHr/NjbbDR9H6YQpeoe2bSD2qJtdTXbKRAoJeoeulq6PS1rZ6YLZ0k/7XkHOAIWDTAHGcjJTtAQU9OsRfyPQtsrGRktlJ2yBmTmX0EUN7ZH2Ak67oBzNk8pchf5wki12IWsks8j7K9iKu1cW72YXANnIGfDXMDywEldgPOaTPTKBpnaRDoN6ricMuJ1DnKOC3nZg8/TlpH53TVBYw2kuCLxr5kEfvVJnsJsqKRE2gTCGhAho3+YF3TOPcEcgdwB62gH9rUI1ftTECjSeLe0qInkfR+xySR1tU3ScjRObpgllT1o2mVcEpHsotu2Qq4jFwdnSuuQdLLE2yda0/7Ein5yBX/SEvfOhFq+/SE30CCNk/4t9718cNXvu8vPiXweO5Dzz/8pTe+aSXZBgq2geAsKQ1g6GvALDQJuq+xderaiuZasgm/+hr+upbp99T7ujZ7PFW/8b4P5Y+qvCLsPrIDTOYeZDxXu+r08Y78us94M6t0XeEvWUktY3iHhN6zDfz2k9KpMTYG6PijO2OfJ+3lG2jjc/xw7PBjdTw+Rp//iZ349PLzkQUsbGZvZOmIsdivAgjYykyj4kIdSAzYiCMxzWZkSjdxWjTxz0bvh3SMsiHm6KlbVTBbUfe7sI7v1lXQ6c4eKbAwG0EbOvAha3lLrvE6b39Lq38jcgSVurZH+hvci95QP5uXz7vsEp9q2V7ARc0+/D3l2cGYwfSkYeAMdBykaBwts4865yxkJVY0TkwWvUFj89puyaPhcwSOykE4a9MaIMigsS9I6HJizjvBtQUNPEHLydE49gTvgEzTOlH08lTrkheUoVXQa3tomVVUUpngpsOupKJ/Ah+dXYkK2LGBxkaDS8nX0yya0nINMuwdaWXDk/AkyAAJ3SWnSMTT1lZOWyfaKUnHXvUHbcAFGEluPiT4Ne+96SnPPL7x3d99eOkdn0rbAYqyHfurP5L6JOQBFwlhnuoHPICzuj+puumuj4TX/Z5rId+ANHbcXyX3sPh0fZE3gFv3BBiZhUR/3Sczi9zvu3sc9WtskUsbBcAzfmh8geyAR2aDNTbbsR7ASb+LHtmy4xyQ5Vjj3vUGj9iu0surRSve+K2YmXp8fOO72qMvdqYOELRBdjbZAw50ya7Yc92AIfSyL8Y6hiqmxGzZcd4A0TwxOfUsQRVYTH3o5MXpPESKe3X0bf04G6l250fIZjVAxOpFy/c/myp+P0LGtc0fUeGfzVeKPPZ0noXsEp9q2Xb+ImYfH/+P/ruHDYSnux/IE0JPSQEDJzHImc4a/Kr7gm1Aps4bSBoYyMXx6kljHHRAIM5YNgMaxRcYaGTwOZqAjXzZ4vQBgdDWk1TJ0hdQ5D11BSBKNmBQdcmyg6eDl33HARIBK0gFvqARcOyxIXGMfAK05CXB0OqIpk2JSj/w0MhLWOxKOE2zlNIAMTOFyFUb+HkCHrmV+EIjV7Zip+oDCiNHp5O0hKYvKzkfaWYArXN6cu8k7j8zvvntf+1J/8JcMfP4+ve+8nDLHT613X2amcIRFNBWf0Krfkq+08dtX196+ye7r0VzftQpmnvasg2Y5Ixbrm/dB68ft821xFX3F390ZnxSD795ygAOfePSM8DuG1sBEnz9L1r4aMWLXvWPPzgnYwZwBJf4WvuVdtnkH6OrjsbXBzAaPFqPz9FzfqwXn9/pB9nxX0fn2zpZ8Rb9oknQHVf1gFaxow4ExGnqayaBP3HNDlqWq5YN8Sk2QxfTRWdnQGUeLB3ZkSe63m9w2htxTn5AhXyWylPvHNMPry0jli1p/dV3/3787WzeUuSzvTz3ZMvVnIXsEp9K2Xb8omYfe9NBg/r9ZhPlFDPVzBNDDTrH6resirYGnYNl9lHyzoEMZ83soxwXrUFjZh8NBknmReNIApQc++O8ggVNoNjjQCcX+RVcbAkYtvA4b6b9+EUThP16Y8vRkaD0h7wAD2hUwsAjH1rxOCkQyhMl/eLRdR2Cnj3tTAJIsi85NHI+AZ51+DqSQWPnmJDQqg11P5xjD42dpvUxyXIlwSRStIDGKUE6sv/otM8cbrnnI4dvfueP7ILCEylf/uA3F3j8Wu6NNibZa9d50/ozJqHVNZMducxC0OragMfN9/58ztNX1zb9L9q8VTbXMXbQjNEtd3+0ZlS/caKVbWB21Ml97esffmYRRde3s2PBJvnoF9+YZVyKbpxffkfby9iUnWyy1/n4iSNe+0vrs8XGzGLw0d0nNhU2xnfx+Z46OT6qLmnzP/WZRaRefs9nnc9MnP+jN1+9gcZxAGPAQj0JXvzUuTq6/kysKqmXjrr4Tr3kJkfQF7NyA17yQfQbFCxPHWcj5KpOBsBEts7lmZmNDIg0v4HJ0qglrbN5S5HPnq6zkF3iUynbTp/37MNNvvtX/+HDBsCyRz8F9JNEwKKc5ezsg8P1hnkPqsFF4yBxwDrnKOocTQDEkUq/gaSBAa2DonSKJ3DQyHBgQSAQ8eL8S3/qeHH0oRVYCMQOrhNoCGrXkcBeASmRBCAENpqALudkq5ckymbR6Ia2EoSAnLpjA8QpGUg02j3SLJck+SxatcFGf4qj7SpoAxSSKZq+SXzulWTYcp2cXcskYXaTICNXswz0SsSRW3Z9zuOr3vcXdgHhiZTnPvQlh295x492O9Ufbcwv3PVh+uzYNAl50UpeAmh+9/nme3+29E+6ZhEzA0DL/S47DSAn3dEBiu4lWusvsD3erwUU0Vn3uvgzY1LIGkf9tczVYzDjWDrV54xt+tU+sB3T1MtHXJ9z4zXg4VybfIgtPjt8tJbBL/8snjbVYyf8pneib1kPQOTwx6/V6ZEhi64dR3Ty4jVLWdFr0BED4hW40RPPrlWsq+ujWBOD+KdZR4NOZh1LL/SqyxXZVK+20YFCgCP1NeOoevY/Sp/tPLguoOi6DfbeHwmI1FHeUGfHfTibvxR57TxB5GrNQnaJT7ZsO6ycN4DsbZwrBtWHEg38DDRHU+dIjhxBMcgczaBzKjTyHBgvoEB2OW1Ao455OuG8VafDsdHItOOfgIQtfUEXRAMyHJo+Gv4xwIrWgdIBmM9E1HkH2wKSZUvwsJ9lrMVzPWQFfJJ78cgIeg57TAx1ZMPbQPhJWiWvzSSJ0CrxV3/YnUQm6XYiujLxa7MTZCccNG3Mbxf0Y56qJ1myOQk2+w8lo2/6Erkk7u7vzXd87PC1D9x8eDL/JHhF+bBXdl+QWcP0Uz8CFG/ofmk3yRtQvKH/8c85GfWRe2n1qa/ZdfTRuf63ndYFktqZ9tAk+aGlrXU/TzoPvw89s1n3S7t1jn7cH6l2tNUgfAKPAQptGAd8QIKWvqjXOA+49Myj/cZ56vwLr3R7/6RnG9NGg8v46XpYqeO0Ef+nWzJH/y3eabYtdk7xwMe6Xv5fcnhiNIBRtMRf1cVTYqnq+POAJm61kxiuuB16P1h2nIlP8cuWeO/62idZ+uqj43ch4ZWt+UGhdhx9lbvzRwPE6HmYHVCxGjI8+yc//Lar88n3swCinM3X51F2iU+2bDtrCnXev/t48Df/6GE33ezDJrkBMuDzSm7ekFiO8toaRM58BJI4AyDpTXQ8YMAx0NjibONccc7i51MkdeylqXZYDs9pyG+n35EXBEtfkAGlAEmcvIJFvfoiCAMkJU8uT3IVjNpmS6AEGCrY6ZIn2zTynfAnAFOvJ7MEdOmGVgFNR4LK8kUSUYOGpIYn0bCtX0ObBKNEF22SW8kn4ZX8ETTKruSlzSNAVBkA6UQrgXXiRbsy6Tbfj/u+9r237APCEyxf+76bCjyqjWozoLH65agfQC409XU8yS0AKNrNd/3KFTTj4f4MzbXlPoydogUUXOei+Zy760Q/2q5j+uFexk63133s+9s6AL3v+egMaIw9OvhoPZ7zENC0rgP6Tvhsx371mw+TR1d3pBPfqPr4cYAksoCl+fToTBv8WR2fP6Phj0z7e9vg57FTvJmlsD8xYYYe8FCveBnb9NTZF9N08PMQt/TFpqNYFq9kyJJRlyPItN4CjmpP/M5sxD6K/w/JW1slb4WDDUA24OAbXV71zQMsetXlIvbwPeCajajzm7N5TJHf9vLekyly79VYxtolPpmy7ahyEctXL/g7H3/YTecUvuk/oBAHKGczgPM0QYaD4HMag8xR5+mBM5qW5sml5NjigHgScfSLR1c9T0F1jIMXjbwACS8Bs6boizYBgy5YB2SAkCBqfif1LWiQtwxCXqCxnaArOfYcBR6bksURNNBKXhJSl1wcJ8FoT2LSd/KhFS+zj7J/SkYll2TTyXFsSkbqR1rpH5NoyUtynoxHbkBB4OCf5Csplr1elqnj8Sn/E4dveucP5pfie4DwRMrzHvqyAqNPpi9+QDft6of+u/5b1oxDP8PXp+MshNxnDi+95yOHl67+oR3llg3JfRI7nvHItaW9pt10z88W7dNVZ5ud055Kyy07uR+t48j+LF31/euxMU7GknyPY9WP+1INOg0+PYNp+wtclryxdQ2tY4zKZ/KA0WM3suM/7WcS/wZcqs5XZ8Y7fj4+TE9sjQ2+SzexsFnWEgPqYi2gUrLilg266o4DCKFVbChmSInTJTNxTDcPfWVPH9TRtZVcsepyA7r+mCmkXjpmELGb+qxueBjtGQU5ulcsY5ErHfYDMMlLDTzO5aazeUyR3y5yGUs5m7efatklPpmy7STkO+9vXj3023/8sBsuGAxMJ/8v5MuYnKkHkvP0G1dmAQGS5RQBhnK4AEmdc6JO/u1IHIqDcg5JmT08NPLaIi8AwqtzTs35BJDps+BBY0sgZvYhIIrGltlMQOBIOz2tSTzaIU9WEcTkEvT0S3aCtWkd7AMaHfTNI9cgUGBQ8v1kSr6/60NuCxrk2JqECKiOyerOldTKxsxO8sS8aPM7ikmSrmVmJ2YBrumYJItHDo0Nbfj19le/98ZzWbbyafc/8/YfO84+JGRtAOUGq0Wr/qEPQKC5f6FV/WV3f+xw450f7eWikn1pwKUTr3PAGMCp+9Qg1Nc7bbj+XN9dnywe3bbd93fAw5g1gOV+FB9vQKrv2wkoRsf9pZexKaCID9AvHfUGqE7WaOywMf5BF61trYeKtN0+pU2+E3CITsuyjc4OH3TOTvt7z3oGaPBn055/R7fs8PGmXQkeZOiLZXp4AYbikw2dfsXb1CfJkxGT7Iiv0Oso/tBja9XRJ9GPbOrFNwPJCzhlE83yVeSLbp9DLmmZXtUg0yCylrE2wCE/zUzFaonZiPt6Np8p8txe/nsy5Wp8I2uX+ETLg7/1x1d08mrOPgyM4wwmp0XjTAavnaaBhPMZRM6Iry6IAiQlw7HY4pDWPskDEc7XNMcGD444fEHQer0hOJ8g4ViCAo2sP+vRdoKjaPqaoCn7Ak0/BYBgJy/42SJPDmhIYgGeFczz1JdkkOOafSxaEkDZ6mS0EsmidTJaSxyVXOjikWnQ6KfMWbLqX5J3wpkkyQaat4YkNf2hN+AisY790CTZTaJ2HWx08v7c4Vvf+jf3AeGJlgKgb3jPd2bfI/2p9vVZW5K4xOnJXB/UAUUD4HZ28enDS+/6ler7opWd4bU9uqfrcI3qfX/arnLjnR85vnGl/eyzLLkAS+5L0dZ9cT/ZOt4jtGVffY59LQMULRfZ0kdLP8u28QwIodU1Bij4RvHJ68fQml++U7L63rSu27voNtq32Hc8ggsfr7q2x+f4Mb/qegOD2YI6W3w5sVH1AEDx9FPM8XdxJqGzgT9vJ4otNjzg5UGv9PATh0UTZ00vfsVtPwxW7FY98VtxJZ61Mw+YZCYvpF7ywGAePAFKdOr8uB+Sei9NsSuX5K8gqj7AMWAEOGyw0/NhxrP5TLnoWch5/2vhLvGJlm0HId55/9/HR//+f/uwG+1X5wYSMBhcA2Xt0cAFGGrwZz/EAHrS4KgDJAZR4ubA6gKGnvNxPoExtgZ0OGSc9K4GkgQIhy1bgoBjc2Y/UgQSAoeTsdXBdAoWAZQgKJuCJsBQ8ngJwhWIEkXzmpbkkICU1AWx8wnsBgHtOEcnL4HEVuQ6aYRW8vOUSn6ST4CkaAMa+NvENfwkwpJPko4difBK0OhENwmzzktuS3P0lP5n3/q3n9IfQm3Ln3rvrYeX3rGSdrUHIJLkAxAABK2P+hS5AoMBspfe/qnDjXf9Ql63DS1yC3CusLeAyXUvmvuVemifzRtXR9oAzrqv+C23dOs+aMd9Hrtn7x+55jct17DGA38SOvv8xbiEho9WY05Hu3QaPJrv2jz1o/GD8YXwq+/k4zOl72js2eLb9J2P7wGctlv1jU9HtnTmIYpNH0MMv3T4P5rY4Pd0JlbJTIw5F6faYKvr/VBHPqsHJZt60SV/trUvJwAOsvOQqW7lggza5AP54XvNRlJvunyA7h8NW69nF8k/JTv7H4rcNOATUKkZjPoNlcPO5jVFvtvLg0+mXPT/hewSn2jZdu4iZh97v/swANA+g1kD3nseDSjH6WXxOHF4a8+jk35vqHMkdk5A0s5o0PHYxeO0aO2cnoI4cjuqwHQk387fM5J28gqIoudpq4JvbJGdN1G0IZi0jycA8QWlpy+2tMGORBDaCt5OCh285LMfUrSAiiQg8JcNcuxLOnQ7gSxgqKSKRr5/r7FJSGhsSmyLdkxc1Z/oVF1C1Z8ARMlqjxya9Xs0SQmNvOQoCc2T/F94y10FHl/5lH4oOOX5H/zqwwvvf1vZnaWrbkNft8tPDWaV4F/fyZvM0G4o8Oi3pvxKvBN7QGNdl/PYO9L6/gRcjjOsTx9uuvsXsuw37QKH3NNqb+Scp91lm73c76JNX5vWYKc+PDps8psZq+b3cpZ+uo4ey/YBvhh/KR8B3Hj04i98g3zJRb90ZvmJ3vghXmxVW/zespVzSZttcmy5TvESYKnCV+nwd3xti9voVuHfoVVciBv+I1mT5d8TV/TJqIsrMvjiO7arHxPr5OQDbZtxsCH+LDWLXW3KI+T1VayTpzegoA0g0PXeD0m99H1nT+74nvs7D2W5q+hk8pmU4sk3fqdGzl5IZiNl72xeU877dyFnZyFn8/dTKbvEJ1K2HYN05/1f53uzD4VjGAQOYMCPQFLIH4AwcMUzkHgc2tplnKkGXuH4BjGOtRyG8xlwzjxA0s46tNZr2d6LYEsAxNGLNnxBl6l48djp4GmHH6AgG1p4DQZ+zCcgvUYpWAUYGe0LGIm3QUlwL9BYQYs3gS25qA9AoClJNpWA0Ga9W3KQQMgPKGwBohNbt3Pa52ggITN2Rk7SI3sCjUm89IuWJZem+ZX513hddwcMnnD58HMO3/a2v9FtVTsA6pbX9/6EZI+W9leftrMQfMnzhjt/oeS6n6EVP/1cSX2AqXndxgmsWt49v+Hun+1rnBnMsd2+TwHQK2jdFzab1v1yD2O77Mz9HrAgF1psdX3','/enterprises/Innovatix System_1591814152453/files/intx.png',1,
	            GETDATE(), 'system', 0)
SET IDENTITY_INSERT Resource_INTX OFF

SET IDENTITY_INSERT Profile_INTX ON
	INSERT INTO Profile_INTX(Id_Profile, name, description) VALUES (1, 'Super Usuario', 'Super Usuario');
	INSERT INTO Profile_INTX(Id_Profile, name, description) VALUES (2, 'Administrator', 'Administrador');
	INSERT INTO Profile_INTX(Id_Profile, name, description) VALUES (3, 'Monitoreo', 'Monitoreo');
	INSERT INTO Profile_INTX(Id_Profile, name, description) VALUES (4, 'Desarrollo', 'Desarrollo');
	INSERT INTO Profile_INTX(Id_Profile, name, description) VALUES (5, 'Recursos Humanos', 'Recursos Humanos');
	INSERT INTO Profile_INTX(Id_Profile, name, description) VALUES (6, 'Logística', 'Logística');
SET IDENTITY_INSERT Profile_INTX OFF


SET IDENTITY_INSERT User_INTX ON
	-- Admin986.
	INSERT INTO User_INTX(Id_User, Id_Profile, username, password, name, last_Name_P, last_Name_M, email, Registration_Date, status_user, birth_Date) 
	              VALUES (1, 1, 'superuser', 'LJM8/oe3AHXKcBxOz6kHZu0+fhT9U32UADinx1CCrZ4G5iJWn+DGNYIjeePyIvLNseDxo54hHP93REfDBVPqbAlAwHvn9f1KpnNCuAtfW5l66qU7TKsXWnEowd4Xj/cZbz1IdCnGF0OU3QP7rwliaTvt60jvpBHhfkujzG/5p4CGsEI2RM1FzWIK5GTbU/k6ntreYbZZBfzmxzVffM3unQm4quQOViMS/US0vmnvaLt85n6OMr3aiIkd+a/cfXsfzLfcP5y9dyMaK3FwiqpgiSS1a6n+aX8TS/qvHdzLkN3qAJgCB5Ti0k3OUe2+EOby+N2tIJxiBwfznkRkyCZ/lQ==', 'Admin', '', '', '', GETDATE(), 1, GETDATE());
	INSERT INTO User_INTX(Id_User, Id_Profile, username, password, name, last_Name_P, last_Name_M, email, Registration_Date, status_user, birth_Date) 
	              VALUES (2, 2, 'admin', 'LJM8/oe3AHXKcBxOz6kHZu0+fhT9U32UADinx1CCrZ4G5iJWn+DGNYIjeePyIvLNseDxo54hHP93REfDBVPqbAlAwHvn9f1KpnNCuAtfW5l66qU7TKsXWnEowd4Xj/cZbz1IdCnGF0OU3QP7rwliaTvt60jvpBHhfkujzG/5p4CGsEI2RM1FzWIK5GTbU/k6ntreYbZZBfzmxzVffM3unQm4quQOViMS/US0vmnvaLt85n6OMr3aiIkd+a/cfXsfzLfcP5y9dyMaK3FwiqpgiSS1a6n+aX8TS/qvHdzLkN3qAJgCB5Ti0k3OUe2+EOby+N2tIJxiBwfznkRkyCZ/lQ==', 'Admin', '', '', '', GETDATE(), 1, GETDATE());
SET IDENTITY_INSERT User_INTX OFF

SET IDENTITY_INSERT Section_INTX ON
	INSERT INTO Section_INTX(id_Section, name, description, Id_Parent, parent, enabled) 
                 VALUES (1, 'Logs', 'Logs Control', 0, 0, 1);
	INSERT INTO Section_INTX(id_Section, name, description, Id_Parent, parent, enabled ) 
                 VALUES (2, 'Users', 'Users Control', 0, 0, 1);
    INSERT INTO Section_INTX(id_Section, name, description, Id_Parent, parent, enabled ) 
                 VALUES (3, 'Settings', 'Settings Control', 0, 0, 1);
SET IDENTITY_INSERT Section_INTX OFF

INSERT INTO Profile_Section_INTX(Id_Profile, id_Section ) VALUES (1, 1);
INSERT INTO Profile_Section_INTX(Id_Profile, id_Section ) VALUES (1, 2);
INSERT INTO Profile_Section_INTX(Id_Profile, id_Section ) VALUES (1, 3);
INSERT INTO Profile_Section_INTX(Id_Profile, id_Section ) VALUES (2, 1);
INSERT INTO Profile_Section_INTX(Id_Profile, id_Section ) VALUES (2, 2);
INSERT INTO Profile_Section_INTX(Id_Profile, id_Section ) VALUES (2, 3);

SET IDENTITY_INSERT Setting_INTX ON
INSERT INTO Setting_INTX ( Id_Setting, Session_Time, Logo, Logo_With, Logo_Heigth, Background_Type, Background_Image, Background_Color, Ico_Image, Main_Color)
             VALUES ( 1, 600, null, 120, 120, 2, null, '#d4fdff', null, '#003F7F' );
             
SET IDENTITY_INSERT Setting_INTX OFF